Name,Last Modified,Collection
17.Media.rar (739.27 MB),22/05/2017,Large DBs
PS3Hax.net.txt.gz (31.04 MB),22/05/2017,Large DBs
patreondump.tar.gz (3.72 GB),22/05/2017,Large DBs
Experian.7z (1.01 GB),22/03/2018,Large DBs
Ashley_Madison_users.7z (1.65 GB),22/05/2017,Large DBs
xat.7z (217.14 MB),22/05/2017,Large DBs
7dc58-ngp-van.7z (678.44 MB),22/05/2017,Large DBs
investbank.ae.7z (251.50 MB),22/05/2017,Large DBs
linkedin_all.7z (4.22 GB),22/05/2017,Large DBs
Libero.it 900k.zip (40.12 MB),22/05/2017,Large DBs
index.nginx-debian.html (612.00 B),09/11/2018,Large DBs
MPGH.net_vb_April_2015.txt.7z (182.92 MB),22/05/2017,Large DBs
STRATFOR EMAIL HACK.7z (92.15 MB),22/05/2017,Large DBs
Ubisoft.com forum.sql (77.17 MB),22/05/2017,Large DBs
neopets_2013_68M.7z (1.35 GB),22/05/2017,Large DBs
ClixSense.com_2.2M_08_2016.rar (173.13 MB),22/05/2017,Large DBs
000webhost_13mil_plain_Oct_2015.7z (286.17 MB),22/03/2018,Large DBs
kaixin001.com.7z (93.88 MB),22/05/2017,Large DBs
fling.com_40M_users.sql.7z (2.42 GB),10/04/2018,Large DBs
modbsolutions.rar (2.61 GB),22/05/2017,Large DBs
Arma3Life.sql (100.25 MB),22/05/2017,Large DBs
comcast.7z (20.22 MB),22/05/2017,Large DBs
Myspace.com.txt.7z (12.22 GB),22/05/2017,Large DBs
DayZ.com_Forum.txt (19.07 MB),22/05/2017,Large DBs
lastfm-thesle3p.rar (2.01 GB),22/05/2017,Large DBs
ovh_kimsufi_2015.7z (49.53 MB),22/05/2017,Large DBs
AndroidForums.com_VB_26-12-2013.sql.7z (41.61 MB),22/05/2017,Large DBs
taobao.7z (151.18 MB),22/05/2017,Large DBs
NaughtyAmerica.7z (285.16 MB),22/05/2017,Large DBs
blackhatworld.7z (63.99 MB),22/05/2017,Large DBs
forbes-wp_users.txt.zip (63.33 MB),22/05/2017,Large DBs
Adobe 152M.tar.gz (1.36 GB),22/05/2017,Large DBs
Badoo.com.June2016.rar (1.20 GB),22/05/2017,Large DBs
Gamevn.com.txt (130.75 MB),22/05/2017,Large DBs
edmodo.7z (5.21 GB),06/03/2018,Large DBs
twitter.7z (279.24 MB),22/05/2017,Large DBs
Cannabis.com.rar (766.26 MB),22/05/2017,Large DBs
Xsplit Plain (SHA1).7z (112.32 MB),22/05/2017,Large DBs
Exploit.in.7z (8.46 GB),22/03/2018,Large DBs
Abandonia.com_vb_November_2015.txt - Copy (2).7z (30.46 MB),22/05/2017,Large DBs
53c06-rambler.ru_plain-91-million-users.7z (899.00 MB),01/06/2017,Large DBs
leet.cc_partial.txt.7z (73.80 MB),22/05/2017,Large DBs
mega.co.nz_partialdump.7z (18.35 MB),22/05/2017,Large DBs
VK.COM_100M.rar (1.12 GB),22/05/2017,Large DBs
nulled.io.sql.7z (725.03 MB),22/05/2017,Large DBs
acne.org_ibf_members_11_25_2014.7z (42.97 MB),22/05/2017,Large DBs
MineField188K.7z (17.57 MB),22/05/2017,Large DBs
SnapChat.7z (32.34 MB),22/05/2017,Large DBs
muslimmatch.com.7z (105.02 MB),22/05/2017,Large DBs
mSpy.7z (436.24 MB),22/05/2017,Large DBs
R2Games_2.1M_2015.txt.7z (87.68 MB),22/05/2017,Large DBs
Tumblr_2013_users.7z (1.97 GB),22/05/2017,Large DBs
apple_data.7z (59.41 MB),22/05/2017,Large DBs
Ashley_Madison_users.gz (1.68 GB),22/05/2017,Large DBs
de.Streamscene.cc_jan_2012_users.txt (4.98 MB),22/05/2017,Large DBs
Nihonomaru.7z (67.29 MB),22/05/2017,Large DBs
investbank.ae-2016-04-25.zip (515.49 MB),22/05/2017,Large DBs
dropbox-thesle3p.7z (1.79 GB),22/05/2017,Large DBs
YouPorn.com.rar (95.74 MB),22/05/2017,Large DBs
NextGenUpdate.7z (68.69 MB),22/05/2017,Large DBs
XXXhdPorn (db + source).7z (16.77 MB),22/05/2017,Large DBs
imesh.rar (407.86 MB),22/05/2017,Large DBs
AdultFriendFinder2015.7z (67.92 MB),22/05/2017,Large DBs
lsbg.net (lifeboat).txt.7z (263.06 MB),22/05/2017,Large DBs
brazzers com April 2013.7z (13.33 MB),22/05/2017,Large DBs
OwnagePranks2016.7z (110.74 MB),22/05/2017,Large DBs
Solomid.net_ipb_November_2014.txt.7z (11.31 MB),22/05/2017,Large DBs
gawker_real_release.rar (431.24 MB),22/05/2017,Large DBs
178_all.txt (254.44 MB),22/05/2017,Large DBs
DLH.net_3M_2016.7z (91.44 MB),22/05/2017,Large DBs
AbuseWith.Us-Lookups.rar (108.09 MB),22/05/2017,Large DBs
torrent-invites.com_forum-2016-08-07.sql.gz (969.63 MB),22/05/2017,Large DBs
7k7k.com.7z (136.24 MB),22/05/2017,Large DBs
mate1.com-plain-november-2015.txt.7z (504.06 MB),22/05/2017,Large DBs
STRATFOR USERS DATABASE.7z (44.48 MB),22/05/2017,Large DBs
Zoosk.com.7z (1.68 GB),22/05/2017,Large DBs
bit.ly_9.3m_social_May2014_.7z (260.64 MB),06/03/2018,Raidforums.com
WeHeartIt.7z (388.33 MB),28/02/2018,Raidforums.com
imgur.com_1.7m_social_Sep2013.7z (17.64 MB),06/03/2018,Raidforums.com
AviatorCraft_Buycraft_Logs_2.2k.txt (389.25 KB),09/03/2018,Minecraft
iPvP_IPs_Logs_34k.csv (2.01 MB),09/03/2018,Minecraft
IslandClash_Buycraft_Logs_2.8k.csv (657.30 KB),09/03/2018,Minecraft
xDSquare_410.csv (31.58 KB),09/03/2018,Minecraft
starblast.fr_23k.txt (1.45 MB),09/03/2018,Minecraft
funcraft.fr_41k.txt (4.43 MB),09/03/2018,Minecraft
FaithfulHCF_Buycraft_Logs_30k.txt (5.18 MB),09/03/2018,Minecraft
DatPixel_Emails_DB.csv (29.54 KB),09/03/2018,Minecraft
tipanddonation.com.txt (145.72 KB),09/03/2018,Minecraft
Blockmadness.com_Buycraft_DB.csv (26.32 KB),09/03/2018,Minecraft
Fadegen.pw.csv (89.38 KB),09/03/2018,Minecraft
CodeRedTestServer.txt (5.52 KB),09/03/2018,Minecraft
sarefine_ips_10k.txt (2).txt (237.80 KB),09/03/2018,Minecraft
Swansons Teamspeak.txt (19.81 KB),09/03/2018,Minecraft
RoyaltyPvP_LiteBans_IPs_11k.txt (687.36 KB),09/03/2018,Minecraft
distanymc.eu.txt (235.23 KB),09/03/2018,Minecraft
iPvP_PayPal_Logs_13.3k.csv (4.39 MB),09/03/2018,Minecraft
BanterUHC_Buycraft_Logs_470.csv (113.46 KB),09/03/2018,Minecraft
FaithfulHCF_Buycraft_Logs_1.8k.csv (210.29 KB),09/03/2018,Minecraft
EmpireMinecraft_Emails_DB.csv (266.28 KB),09/03/2018,Minecraft
StaticPrison_Buycraft_Logs_260.csv (49.95 KB),09/03/2018,Minecraft
FactionsLab_emails.csv (34.18 KB),09/03/2018,Minecraft
Iratus_Buycraft_logs (2).txt (367.12 KB),09/03/2018,Minecraft
MapleCraft_11k_IPS.txt (669.33 KB),09/03/2018,Minecraft
StaticPrison_Buycraft_Logs_260.txt (48.71 KB),09/03/2018,Minecraft
AviatorCraft_ForumSQL.txt (20.65 MB),09/03/2018,Minecraft
VeltPvP_IPs_35k.csv (2.31 MB),09/03/2018,Minecraft
RoyaltyPvP_E-Mails_1k.txt (38.03 KB),09/03/2018,Minecraft
Teamspeak - Minemenclub (2).txt (82.44 KB),09/03/2018,Minecraft
TheBigDigMC_E-Mails_5.8k.txt (199.00 KB),09/03/2018,Minecraft
BanterUHC_Buycraft_Logs_470.txt (110.42 KB),09/03/2018,Minecraft
PEforums.txt (9.57 MB),09/03/2018,Minecraft
iPvP_PayPal_Logs_9k.csv (3.09 MB),09/03/2018,Minecraft
DarkFadePvP_Buycraft_Logs_30.txt (7.75 KB),09/03/2018,Minecraft
EpsilonMC_Forums.txt (2).txt (278.50 KB),09/03/2018,Minecraft
frozencraft.ru_38.5k.txt (3.21 MB),09/03/2018,Minecraft
CentrixPvP_E-Mails_10.3k.txt (353.50 KB),09/03/2018,Minecraft
JawsPvP_Ips_1k (2).txt (167.77 KB),09/03/2018,Minecraft
sand-craft.ru_5k.txt (366.24 KB),09/03/2018,Minecraft
Scumbags Teamspeak 2.3k (1).txt (197.38 KB),09/03/2018,Minecraft
VileMC_2 (1).txt (610.19 KB),09/03/2018,Minecraft
chearful.ninja_Logins_450.txt (40.71 KB),09/03/2018,Minecraft
TheVace.Net_Emails_DB.txt (399.42 KB),09/03/2018,Minecraft
iPvP_Database.txt (2.01 MB),09/03/2018,Minecraft
Desteria_E-Mails_25.9k.txt (886.16 KB),09/03/2018,Minecraft
Harambe_Ghost_Client_140.txt (5.61 KB),09/03/2018,Minecraft
IslandClash_Buycraft_Logs_2.8k.txt (646.51 KB),09/03/2018,Minecraft
FunCraft_E-mails_Passwords (2).txt (4.43 MB),09/03/2018,Minecraft
SaiCoPvP_E-Mails_8.3k.txt (277.72 KB),09/03/2018,Minecraft
iPvp_Buycraft_Logs_26k (2).txt (3.83 MB),09/03/2018,Minecraft
Desteria_900k (4).txt (195.26 MB),09/03/2018,Minecraft
RSMV_Buycraft_Logs_120.txt (22.67 KB),09/03/2018,Minecraft
weguccia.teamspeak3.com.txt (198.14 KB),09/03/2018,Minecraft
Towelliee.com_Emails_DB.txt (454.85 KB),09/03/2018,Minecraft
cristalix.ru_72.8k.csv (5.59 MB),09/03/2018,Minecraft
ValuxNetworkBuycraft.txt (62.09 KB),09/03/2018,Minecraft
VardenGalaxy_IPs_102.txt (2.45 KB),09/03/2018,Minecraft
Saico_E-mails.txt (302.09 KB),09/03/2018,Minecraft
fadehost.com_2.9k.txt (215.38 KB),09/03/2018,Minecraft
faithful ts (2).txt (195.79 KB),09/03/2018,Minecraft
FrontierFactions_TeamSpeak_IPs_730.txt (65.50 KB),09/03/2018,Minecraft
IonCraft_Buycraft_2k (2).txt (305.91 KB),09/03/2018,Minecraft
EscapeRestart.com_Emails_DB.txt (214.03 KB),09/03/2018,Minecraft
Zolus_IPs_2.7k.txt (60.91 KB),09/03/2018,Minecraft
Faithful_Buycraft.txt (1.92 MB),09/03/2018,Minecraft
EnforcedMC_Buycraft_Logs_1.3k.txt (256.49 KB),09/03/2018,Minecraft
Blockedup_Emails_DB.csv (465.90 KB),09/03/2018,Minecraft
CrossFire_1k.txt (50.98 KB),09/03/2018,Minecraft
db_leak_#habblah.txt (11.67 KB),09/03/2018,Minecraft
acehcf_ips.txt (11.68 KB),09/03/2018,Minecraft
ViperHCF_Forums_19k.txt (1.35 MB),09/03/2018,Minecraft
SimplyHCF_aka_OxPvP_Buycraft.csv (2).txt (137.26 KB),09/03/2018,Minecraft
EmpireMinecraft_Emails_DB.txt (288.92 KB),09/03/2018,Minecraft
MC-Central_IPs_13mil.txt (294.43 MB),09/03/2018,Minecraft
cristalix.ru_72.8k.txt (5.66 MB),09/03/2018,Minecraft
Shotbow_Staff_IPs_3.2k.txt (79.82 KB),09/03/2018,Minecraft
koeberg_nuclear_powerstation_database_dump.txt (13.83 KB),09/03/2018,Minecraft
candypvp.fr_3k.txt (313.80 KB),09/03/2018,Minecraft
Teamspeak - Gucci.txt (3.85 KB),09/03/2018,Minecraft
DarkFadePvP_Buycraft_Logs_30.csv (7.92 KB),09/03/2018,Minecraft
Fadegen.pw.txt (99.50 KB),09/03/2018,Minecraft
arcane_teamspeak_11k.txt (295.52 KB),09/03/2018,Minecraft
Iratus_ips_10k (2).txt (589.46 KB),09/03/2018,Minecraft
Swansons Teamspeak.csv (19.91 KB),09/03/2018,Minecraft
Towelliee.com_Emails_DB.csv (429.29 KB),09/03/2018,Minecraft
vimecraft.ru_1k.txt (77.55 KB),09/03/2018,Minecraft
dinastymceu.txt (224.88 KB),09/03/2018,Minecraft
ARKANIAZ_mds_35k.txt.csv (5.07 MB),09/03/2018,Minecraft
WaffleMinecraft_E-Mails_35k.txt (1.21 MB),09/03/2018,Minecraft
ChooChoosMC_E-Mails_1k.txt (55.08 KB),09/03/2018,Minecraft
"delta stresser.txt (1,012.37 KB)",09/03/2018,Minecraft
SQLI_NIGGGA_1.txt (190.85 KB),09/03/2018,Minecraft
RoyaltyPvP_IPs_11k.txt (687.36 KB),09/03/2018,Minecraft
HydraPvP_IPs_9.4k.txt (467.50 KB),09/03/2018,Minecraft
acehcf_ips.csv (10.91 KB),09/03/2018,Minecraft
VortexMC_Buycraft_DB.txt (17.05 KB),09/03/2018,Minecraft
AviatorCraft_Buycraft_Logs.txt (389.25 KB),09/03/2018,Minecraft
SpellPvP_IPs_285.txt (20.18 KB),09/03/2018,Minecraft
Scumbags Teamspeak 2.3k (1).csv (198.14 KB),09/03/2018,Minecraft
op_cpps_db_leak.txt (31.22 KB),09/03/2018,Minecraft
dinastymc.txt (224.87 KB),09/03/2018,Minecraft
DBZ MINECRAFT ACC'S.txt (373.16 KB),09/03/2018,Minecraft
buzzplex_E-Mails_100.txt (3.63 KB),09/03/2018,Minecraft
Aus-Craft.net_Emails_DB.csv (57.96 KB),09/03/2018,Minecraft
Koonkraft_buycraft_db.csv (2.72 MB),09/03/2018,Minecraft
ChromeMC_Buycraft_DB.txt (5.04 KB),09/03/2018,Minecraft
Kooncraft_buycraft_logs (2).txt (2.66 MB),09/03/2018,Minecraft
CraftRealms_Buycraft_DB_2012.csv (3.43 KB),09/03/2018,Minecraft
AviatorCraft_Buycraft_Logs_2.2k.csv (407.83 KB),09/03/2018,Minecraft
spooker.cc_310.txt (38.88 KB),09/03/2018,Minecraft
arkaniaz_mds35k.txt (5.26 MB),09/03/2018,Minecraft
FaithfulHCF_Buycraft_Logs_1.8k.txt (220.23 KB),09/03/2018,Minecraft
Blockmadness.com_Buycraft_DB.txt (25.07 KB),09/03/2018,Minecraft
Aton2.com_Buycraft_DB.txt (104.30 KB),09/03/2018,Minecraft
EnderCraft_BuyCraft_DB.csv (79.50 KB),09/03/2018,Minecraft
HCNations.txt (38.20 KB),09/03/2018,Minecraft
VeltPvP_E-Mails_6k.txt (190.84 KB),09/03/2018,Minecraft
ospvp.txt (1.94 MB),09/03/2018,Minecraft
insanity2_.txt (139.88 KB),09/03/2018,Minecraft
Aus-Craft.net_Emails_DB.txt (61.29 KB),09/03/2018,Minecraft
AnarchyHCF_IPs_480.txt (11.69 KB),09/03/2018,Minecraft
EscapeRestart.com_Emails_DB.csv (202.58 KB),09/03/2018,Minecraft
VeltPvP_IPs_35k.txt (2.28 MB),09/03/2018,Minecraft
Violence Teamspeak.csv (10.49 KB),09/03/2018,Minecraft
ChromeMC_Buycraft_DB.csv (5.25 KB),09/03/2018,Minecraft
Blockedup_Emails_DB.txt (492.16 KB),09/03/2018,Minecraft
mcsniper.txt (243.70 KB),09/03/2018,Minecraft
xDSquare_410.txt (32.38 KB),09/03/2018,Minecraft
Intelyc_E-Mails_40.txt (1.34 KB),09/03/2018,Minecraft
CraftRealms_Buycraft_DB_2012.txt (3.24 KB),09/03/2018,Minecraft
MC-Bazaar_E-Mails_130.txt (4.13 KB),09/03/2018,Minecraft
play.epicgaming.nl_Buycraft.txt (22.61 KB),09/03/2018,Minecraft
EnderCraft_BuyCraft_DB.txt (75.93 KB),09/03/2018,Minecraft
clubpenguinrewritten.pw_database_breach_#2.txt (2.92 KB),09/03/2018,Minecraft
fastalts.txt (34.57 KB),09/03/2018,Minecraft
HCRiots_Forums_Leak (1).txt (6.54 KB),09/03/2018,Minecraft
CraftBlock_E-Mails_2.5k.txt (85.52 KB),09/03/2018,Minecraft
Sarefine_IPs_10k.txt (237.80 KB),09/03/2018,Minecraft
TeaClient_Accounts_50.txt (1.70 KB),09/03/2018,Minecraft
distanymc.eu.csv (226.65 KB),09/03/2018,Minecraft
Aton2.com_Buycraft_DB.csv (109.34 KB),09/03/2018,Minecraft
iPvP_PayPal_Logs_9k.txt (2.28 MB),09/03/2018,Minecraft
VapeDatabase.txt (1.23 MB),09/03/2018,Minecraft
craft-apple.txt (5.54 MB),09/03/2018,Minecraft
AviatorCraft_ForumSQL.csv (7.82 MB),09/03/2018,Minecraft
fadehost.com_2.9k.csv (191.73 KB),09/03/2018,Minecraft
SuperFunTime_Buycraft_Logs_7.5k.txt (1.11 MB),09/03/2018,Minecraft
VortexMC_Buycraft_DB.csv (17.98 KB),09/03/2018,Minecraft
HQFactions_IPs_230.txt (5.55 KB),09/03/2018,Minecraft
Koonkraft_buycraft_db.txt (2.61 MB),09/03/2018,Minecraft
iPvP_IPs_Logs_34k.txt (2.01 MB),09/03/2018,Minecraft
GoaCraft_E-Mails_1k.txt (33.54 KB),09/03/2018,Minecraft
darcecraft.com_10k.txt (814.65 KB),09/03/2018,Minecraft
FaithfulHCF_Buycraft_Logs_30k.csv (5.32 MB),09/03/2018,Minecraft
Best of MC Database.txt (517.42 KB),09/03/2018,Minecraft
Intelyc_E-Mails_40.csv (1.34 KB),09/03/2018,Minecraft
LegitPlay_200k.txt (40.93 MB),09/03/2018,Minecraft
full_database_talahost.com.txt (337.47 KB),09/03/2018,Minecraft
Mc-Bazaar.txt (4.14 KB),09/03/2018,Minecraft
HCGames_IPs_57.3k.txt (3.34 MB),09/03/2018,Minecraft
beastfaction_buycraft.txt (439.21 KB),09/03/2018,Minecraft
vape.gg_Payment_Information_4.5k.txt (4.24 MB),09/03/2018,Minecraft
SpainPvP_E-Mails_9.5k.txt (326.11 KB),09/03/2018,Minecraft
Best of MC Database.csv (520.50 KB),09/03/2018,Minecraft
astro_buycraft_130.txt (31.83 KB),09/03/2018,Minecraft
Violence Teamspeak.txt (10.85 KB),09/03/2018,Minecraft
TheVace.Net_Emails_DB.csv (377.16 KB),09/03/2018,Minecraft
faithful IP.txt (2.33 MB),09/03/2018,Minecraft
iratus-forums-and-ips.txt (36.31 MB),09/03/2018,Minecraft
dBZ MINECRAFT ACC.txt (373.15 KB),09/03/2018,Minecraft
RSMV_Buycraft_Logs.txt (27.54 KB),09/03/2018,Minecraft
ARKANIAZ_mds_35k.txt.txt (5.26 MB),09/03/2018,Minecraft
iPvP_PayPal_Logs_13.3k.txt (3.20 MB),09/03/2018,Minecraft
DatPixel_Emails_DB.txt (0.00 B),09/03/2018,Minecraft
SuperFunTime_Buycraft_Logs_7.5k.csv (1.15 MB),09/03/2018,Minecraft
DBZ MINECRAFT ACC'S.csv (367.40 KB),09/03/2018,Minecraft
RSMV_Buycraft_Logs_120.csv (27.54 KB),09/03/2018,Minecraft
sbcglobal.net.txt (112.60 KB),09/03/2018,Minecraft
FaithfulHCF_IPs_34k.txt (2.02 MB),09/03/2018,Minecraft
Frontier_Ips (2).txt (146.34 KB),09/03/2018,Minecraft
VitalityHCF_IPs_60.txt (1.45 KB),09/03/2018,Minecraft
FactionsLab_emails.txt (34.18 KB),09/03/2018,Minecraft
dregionc_forum_user.sql.xz (548.54 KB),22/05/2017,Smaller DBs
darkstar-gaming.com_vb_January2017.txt (128.58 KB),22/05/2017,Smaller DBs
mrjoke.sql (859.05 KB),22/05/2017,Smaller DBs
ipb_runebit.txt (105.52 KB),22/05/2017,Smaller DBs
portalcharacters.com - skylanders.users 1.11.2016.txt (724.10 KB),22/05/2017,Smaller DBs
India Inc.txt (49.13 KB),22/05/2017,Smaller DBs
RecklessNetwork_Users.sql (1.01 MB),22/05/2017,Smaller DBs
md5_ziotic.txt (6.97 KB),22/05/2017,Smaller DBs
nirosoluzioni.txt (255.00 B),22/05/2017,Smaller DBs
CheapAssGamer.com_vB_385k_July_2015.zip (17.04 MB),22/05/2017,Smaller DBs
w0rmws.tar.gz (2.83 MB),22/05/2017,Smaller DBs
XRForums.net_Users_Summer_2011.sql (1.47 MB),22/05/2017,Smaller DBs
wobhosting_admin.db.xz (215.00 B),22/05/2017,Smaller DBs
lab_phpaudit.sql (74.38 KB),22/05/2017,Smaller DBs
accountsupplier.com db.sql (133.28 KB),22/05/2017,Smaller DBs
unitedcashback.com DataBase.txt (1.88 MB),22/05/2017,Smaller DBs
asylum.db.xz (703.28 KB),22/05/2017,Smaller DBs
calltermination.com_January2017.txt (490.50 KB),22/05/2017,Smaller DBs
GameNex.us.sql (46.35 KB),22/05/2017,Smaller DBs
XZ Utils.7z (5.61 MB),22/05/2017,Smaller DBs
Hypergen.ch DB 5.18.16.sql (4.81 MB),22/05/2017,Smaller DBs
runescaperealm.sql.xz (742.18 KB),22/05/2017,Smaller DBs
leakbase.pw_access_log_with_cleartext_passwords.txt (98.90 KB),22/05/2017,Smaller DBs
viruzmafia.sql.xz (39.14 KB),22/05/2017,Smaller DBs
bluehost.com.txt (9.23 KB),22/05/2017,Smaller DBs
ichatlatino.txt (129.26 KB),22/05/2017,Smaller DBs
aol.com.txt (10.72 MB),22/05/2017,Smaller DBs
143vpn db.7z (37.44 KB),22/05/2017,Smaller DBs
0sec-db.txt (51.38 MB),22/05/2017,Smaller DBs
tolarys.com.txt (252.83 KB),22/05/2017,Smaller DBs
Hackforums.net (200k users).sql.gz (30.07 MB),22/05/2017,Smaller DBs
ilink.txt (77.17 KB),22/05/2017,Smaller DBs
networkgaming_2013_04_16.sql (5.90 MB),22/05/2017,Smaller DBs
steamgamers.com_29-12-2012-20-47-58.sql.xz (1.20 MB),22/05/2017,Smaller DBs
mckeownandwood.com.txt (131.46 KB),22/05/2017,Smaller DBs
LegacyPlainTXT.txt (155.73 KB),22/05/2017,Smaller DBs
MCLeaks.net_plain_2016-11.txt.7z (27.12 KB),22/05/2017,Smaller DBs
linked-hosting.sql (13.20 MB),22/05/2017,Smaller DBs
AdminDiscussion.com.sql (9.45 MB),22/05/2017,Smaller DBs
16k xenforo-IPB backdoor dump.txt (227.92 KB),22/05/2017,Smaller DBs
mobstub.com.txt (7.22 MB),22/05/2017,Smaller DBs
widespreadforums.com.db.users.sql.xz (8.09 KB),22/05/2017,Smaller DBs
1394store.com.txt (630.26 KB),22/05/2017,Smaller DBs
dump_p-www-direkt.gema.de_interP1_users_16-07-2011-05-53-34.sql.xz (2.40 MB),22/05/2017,Smaller DBs
ubers.org_users_09_20_2012.txt.xz (434.30 KB),22/05/2017,Smaller DBs
vdoss.sql.xz (41.66 KB),22/05/2017,Smaller DBs
shardgaming_admin.db.xz (363.00 B),22/05/2017,Smaller DBs
jetsfansunited.txt (628.56 KB),22/05/2017,Smaller DBs
freehack.com_users_dec_2010.txt.xz (2.38 MB),22/05/2017,Smaller DBs
izkis.txt (11.43 KB),22/05/2017,Smaller DBs
8teenxxx.com .txt (45.75 KB),22/05/2017,Smaller DBs
imannager.txt (510.00 B),22/05/2017,Smaller DBs
verified.cm_users.sql.xz (1.10 MB),22/05/2017,Smaller DBs
Misc.txt (398.59 KB),22/05/2017,Smaller DBs
Boardgamelevelup.com .txt.gz (2.97 KB),22/05/2017,Smaller DBs
loc.gov.txt (2.55 KB),22/05/2017,Smaller DBs
ewhore.pro_mybb_2012_11_26_23_21.sql (21.35 MB),22/05/2017,Smaller DBs
ixam_users.db (188.87 KB),22/05/2017,Smaller DBs
os-scape.com.zip (515.20 KB),22/05/2017,Smaller DBs
WiiUISO.com_25_09_15.txt (47.85 MB),22/05/2017,Smaller DBs
pspthemez.com.txt (4.62 KB),22/05/2017,Smaller DBs
phpbb_globalrs.txt (1.01 MB),22/05/2017,Smaller DBs
"dump_www.codemasters.com_eshop_30-05-2011-14-22-42.txt.xz (1,015.23 KB)",22/05/2017,Smaller DBs
aircraftonline.rar (368.29 KB),22/05/2017,Smaller DBs
Zoomaru Users.txt (312.34 KB),22/05/2017,Smaller DBs
black.sql (32.23 KB),22/05/2017,Smaller DBs
md5_RSHun.txt (161.12 KB),22/05/2017,Smaller DBs
xploder.net.txt (11.63 MB),22/05/2017,Smaller DBs
IChatUsa.txt (4.05 MB),22/05/2017,Smaller DBs
hostbooter.sql (112.37 KB),22/05/2017,Smaller DBs
AWT-GPI.com .txt.gz (127.07 KB),22/05/2017,Smaller DBs
360icons.txt (1.35 MB),22/05/2017,Smaller DBs
hosting-linux.txt (455.00 B),22/05/2017,Smaller DBs
c4forums.com.txt (883.00 KB),25/05/2017,Smaller DBs
catiewayne.com_usr.sql.xz (2.80 MB),22/05/2017,Smaller DBs
gamesbites.com 26-09-2012-01-04-57.sql.xz (3.08 MB),22/05/2017,Smaller DBs
Superstresser.txt (251.26 KB),22/05/2017,Smaller DBs
dnastu_12.txt.xz (18.83 KB),22/05/2017,Smaller DBs
smsbot.zip (4.90 MB),22/05/2017,Smaller DBs
AdminCurve.net.sql (167.97 KB),22/05/2017,Smaller DBs
PS3Hax.net.txt (1.78 MB),22/05/2017,Smaller DBs
Wii-Records_2016_18k_phpbb.txt (773.39 KB),22/05/2017,Smaller DBs
North Dakota Bank Logs.txt (2.42 MB),22/05/2017,Smaller DBs
360Icon_Cracked.txt (316.22 KB),22/05/2017,Smaller DBs
ipb_runecrypt.txt (2.80 MB),22/05/2017,Smaller DBs
ixam_admin.db.txt (438.00 B),22/05/2017,Smaller DBs
carders.cc_dec_2010_users.txt.xz (781.41 KB),22/05/2017,Smaller DBs
plaintxt_yahoo.txt (17.13 MB),22/05/2017,Smaller DBs
MMOE DB.txt (5.10 KB),22/05/2017,Smaller DBs
nezzwerk.com.txt (4.20 KB),22/05/2017,Smaller DBs
Dkp-niedersachsen.de_2016_100_phpbb.txt (5.84 KB),22/05/2017,Smaller DBs
CardingMafia.7z (12.69 MB),22/05/2017,Smaller DBs
unkown_db_idk_ synthetic3.doc (356.16 KB),22/05/2017,Smaller DBs
xboxforum.com_01.21.2017.txt (787.68 KB),22/05/2017,Smaller DBs
pollackassociates.com - pollack_main.customers13k - 30.10.2016.txt (425.34 KB),22/05/2017,Smaller DBs
Palestine Weekly.txt (258.06 KB),22/05/2017,Smaller DBs
teens-xxx.org_01.21.2017.txt (1.26 MB),22/05/2017,Smaller DBs
DB Paladins.txt (1.28 MB),22/05/2017,Smaller DBs
notoriousboot.net.sql (62.79 KB),22/05/2017,Smaller DBs
myvpz_users.db (18.38 KB),22/05/2017,Smaller DBs
Citadel.sx_August_2016.7z (46.25 KB),22/05/2017,Smaller DBs
Rage Booter's Database Dump.sql (87.09 KB),22/05/2017,Smaller DBs
Legion Booter.txt (11.10 MB),22/05/2017,Smaller DBs
ivniky.txt (264.00 KB),22/05/2017,Smaller DBs
sectorin_ddos.sql.xz (7.50 KB),22/05/2017,Smaller DBs
vigilante.pw.csv (158.39 KB),05/10/2017,Smaller DBs
LFK.txt (322.00 B),22/05/2017,Smaller DBs
httpizkis.ru.txt (11.41 KB),22/05/2017,Smaller DBs
xboxlivecodes.co.uk_02-12-2012-08-08-55.sql.xz (173.32 KB),22/05/2017,Smaller DBs
LateChef_2016_54k_Plaintext.txt (4.19 MB),22/05/2017,Smaller DBs
Forums.LinuxMint.com_phpbb_February_2016.txt.7z (5.88 MB),22/05/2017,Smaller DBs
newrune.sql (2.22 MB),22/05/2017,Smaller DBs
Nabi-India.txt (184.91 KB),22/05/2017,Smaller DBs
stratfor_full.tar.xz (40.59 MB),22/05/2017,Smaller DBs
ixam_admin.db (438.00 B),22/05/2017,Smaller DBs
leak.sx.banlogs.scammers.txt (25.07 KB),22/05/2017,Smaller DBs
LionCase.txt (20.49 KB),22/05/2017,Smaller DBs
stress.sql (10.62 MB),22/05/2017,Smaller DBs
Thrill.li.txt (131.25 KB),22/05/2017,Smaller DBs
rootkit.com_users_feb_6th_2011.txt.xz (4.73 MB),22/05/2017,Smaller DBs
os-pvp.net.txt (1.95 MB),22/05/2017,Smaller DBs
Missouri Edu Subdomain Leak.txt (242.42 KB),22/05/2017,Smaller DBs
sinlucro.es.txt (22.89 KB),22/05/2017,Smaller DBs
awesomeforums.sql (10.21 MB),22/05/2017,Smaller DBs
legionbooter.sql (410.00 B),22/05/2017,Smaller DBs
booter.tw.sql.xz (1.01 MB),22/05/2017,Smaller DBs
lulz_boot_DUMP_2013_01_15_10_03.sql (258.33 KB),22/05/2017,Smaller DBs
DigitalGangster.com 2016.txt (405.55 KB),22/05/2017,Smaller DBs
Phishing Hijacks.txt (117.96 KB),22/05/2017,Smaller DBs
projectdream.co.uk-forum.sql (14.10 MB),22/05/2017,Smaller DBs
List.txt (2.99 MB),22/05/2017,Smaller DBs
vintage-erotica-forum.com.sql.xz (3.39 MB),22/05/2017,Smaller DBs
inmarkpc.txt (265.00 B),22/05/2017,Smaller DBs
migalki.pw.txt (54.39 KB),22/05/2017,Smaller DBs
PHPBB3_peasefull.rsbandb.txt (78.26 KB),22/05/2017,Smaller DBs
National-Stresser.sql.1 (492.94 KB),22/05/2017,Smaller DBs
respawnstresser.db.xz (15.16 KB),22/05/2017,Smaller DBs
Vodaphone_2013 v2.7z (6.81 MB),22/05/2017,Smaller DBs
w0rmsws.sql (8.68 MB),22/05/2017,Smaller DBs
hilaryclinton.com.txt (4.23 KB),22/05/2017,Smaller DBs
ipfilter.dat (6.03 MB),22/05/2017,Smaller DBs
National-Stresser.sql (492.94 KB),22/05/2017,Smaller DBs
barcaforum.com_vb_January2017.txt (484.54 KB),22/05/2017,Smaller DBs
onlineevisions.txt (454.00 B),22/05/2017,Smaller DBs
DamnSmallLinux%20Forum.txt (589.66 KB),22/05/2017,Smaller DBs
firecsgo.ru.7z (1.02 KB),22/05/2017,Smaller DBs
PingPong.su_2016_57k_phpbb.txt (3.05 MB),22/05/2017,Smaller DBs
wrestle.sql (713.77 KB),22/05/2017,Smaller DBs
National-Stresser.txt (492.94 KB),22/05/2017,Smaller DBs
md5_runehead.txt (701.53 KB),22/05/2017,Smaller DBs
hortinews.txt (6.63 MB),22/05/2017,Smaller DBs
incregen.net db.sql (26.19 KB),22/05/2017,Smaller DBs
sythe.rar (11.80 MB),22/05/2017,Smaller DBs
fadehost_admin.db.xz (311.00 B),22/05/2017,Smaller DBs
Hostinger Hacked.7z (19.83 MB),22/05/2017,Smaller DBs
arenabg.com_forum.sql.xz (2.12 MB),22/05/2017,Smaller DBs
admin_users_opuslogica.com.csv.gz (762.00 B),22/05/2017,Smaller DBs
nodus_users_2012_09_25.sql (15.05 MB),22/05/2017,Smaller DBs
SMF_SQL.sql (201.99 KB),22/05/2017,Smaller DBs
legion_2013_08_16.sql (11.10 MB),22/05/2017,Smaller DBs
HackDiscussion.com.sql (3.71 MB),22/05/2017,Smaller DBs
O2C.txt (320.60 KB),22/05/2017,Smaller DBs
99Fame.com .txt (53.41 KB),22/05/2017,Smaller DBs
wolfhacks.sql (3.08 MB),22/05/2017,Smaller DBs
stagegen.net.sql (48.46 KB),22/05/2017,Smaller DBs
doxhotel.cc.txt (148.90 KB),22/05/2017,Smaller DBs
panicstresser.txt (85.40 KB),22/05/2017,Smaller DBs
forums.aussievapers.com_vb_January2017.txt (2.03 MB),22/05/2017,Smaller DBs
Kakas.txt (3.52 MB),22/05/2017,Smaller DBs
Condusef.gob.mx.txt.gz (14.80 KB),22/05/2017,Smaller DBs
Jaguar Member Tables.sql (3.04 MB),22/05/2017,Smaller DBs
dump_destructoid_vbuser_01.txt (17.03 MB),22/05/2017,Smaller DBs
ImageData.dat (156.92 KB),22/05/2017,Smaller DBs
Awesomeforums DB + Source.zip (9.27 MB),22/05/2017,Smaller DBs
TalkTalk.txt (9.25 MB),22/05/2017,Smaller DBs
MC-Market.sql (2.00 MB),25/05/2017,Smaller DBs
jehon.txt (147.23 KB),22/05/2017,Smaller DBs
ThreeDollarClick.com_2016_46k.txt (2.47 MB),22/05/2017,Smaller DBs
Sinister.ly.sql.txt (1.01 MB),22/05/2017,Smaller DBs
ipb_rs2006.txt (8.51 MB),22/05/2017,Smaller DBs
hostilestresser.txt (6.11 KB),22/05/2017,Smaller DBs
random.torrent (139.87 KB),22/05/2017,Smaller DBs
supremeaccounts.com db.sql (11.87 KB),22/05/2017,Smaller DBs
redbox.txt (7.55 MB),22/05/2017,Smaller DBs
Time Warner Cable_ Business Class.sql (831.56 KB),22/05/2017,Smaller DBs
EazySubs_Part1DB.txt.xz (968.86 KB),22/05/2017,Smaller DBs
staminus-full-data-dump.torrent (121.33 KB),22/05/2017,Smaller DBs
astropid_users.sql.xz (643.12 KB),22/05/2017,Smaller DBs
salalahport.com.txt (7.69 KB),22/05/2017,Smaller DBs
Keybase.txt (817.88 KB),22/05/2017,Smaller DBs
mcpowerhosting_users.db (930.31 KB),22/05/2017,Smaller DBs
Viphf December 2014.sql (19.94 MB),22/05/2017,Smaller DBs
miniclip_dump.txt (15.54 KB),22/05/2017,Smaller DBs
hexui.7z (8.29 MB),22/05/2017,Smaller DBs
ipmart-bg.com_vb_December_2015.txt (16.50 MB),22/05/2017,Smaller DBs
vilayer_users.db.xz (132.42 KB),22/05/2017,Smaller DBs
fadehost_users.db.xz (138.10 KB),22/05/2017,Smaller DBs
MMA Member Tables.sql (371.35 KB),22/05/2017,Smaller DBs
Acparadise.com.txt (22.15 MB),22/05/2017,Smaller DBs
cxc.harvard.edu.txt (49.24 KB),22/05/2017,Smaller DBs
Mmamembers.sql (371.20 KB),22/05/2017,Smaller DBs
6-3-2012-loungeboard.net.sql (4.39 MB),22/05/2017,Smaller DBs
newseasims.com - sims.user.txt (11.89 MB),22/05/2017,Smaller DBs
AnonIP's.txt (35.65 KB),22/05/2017,Smaller DBs
uselitewine.com.txt (3.90 KB),22/05/2017,Smaller DBs
hrionline.ac.uk.txt (27.72 KB),22/05/2017,Smaller DBs
Incorpore.co.uk.txt (198.87 KB),22/05/2017,Smaller DBs
hrs db plaintext (1).txt (114.72 KB),22/05/2017,Smaller DBs
calculatedchaos.com.sql.xz (1.08 MB),22/05/2017,Smaller DBs
imagekorner.sql (13.25 KB),22/05/2017,Smaller DBs
notoriousboot.net_users.sql (74.64 KB),22/05/2017,Smaller DBs
NitroBooter.txt (334.59 KB),22/05/2017,Smaller DBs
Aimjunkies.7z (2.76 MB),22/05/2017,Smaller DBs
Mmamembers.txt (188.66 KB),22/05/2017,Smaller DBs
Acparadise.com_2016_55k_phpbb.csv.txt (25.53 MB),22/05/2017,Smaller DBs
Aimjunkies.txt (7.28 MB),22/05/2017,Smaller DBs
EazySubs_Part2DB.txt.xz (788.98 KB),22/05/2017,Smaller DBs
newseasims.com (120k).7z (6.30 MB),22/05/2017,Smaller DBs
vbteam_users.sql.xz (6.04 MB),22/05/2017,Smaller DBs
More Databases.txt (1.87 MB),22/05/2017,Smaller DBs
iog-games.txt (1.28 MB),22/05/2017,Smaller DBs
chaoticimpluse-db.txt (885.64 KB),22/05/2017,Smaller DBs
ErisiumForum.7z (5.57 MB),22/05/2017,Smaller DBs
SevenDollarClick.com_2016_109k.txt (5.90 MB),22/05/2017,Smaller DBs
Roblox.zip (846.14 KB),22/05/2017,Smaller DBs
Runescape_Community.txt.xz (302.59 KB),22/05/2017,Smaller DBs
forumcore.sql.xz (5.88 MB),22/05/2017,Smaller DBs
FourDollarClick.com_2016_46k.txt (2.49 MB),22/05/2017,Smaller DBs
union-district.cc_Oct_2011.txt.xz (35.83 KB),22/05/2017,Smaller DBs
koeberg_nuclear_powerstation_database_dump.txt (13.83 KB),22/05/2017,Smaller DBs
roxservers_admin.db.xz (215.00 B),22/05/2017,Smaller DBs
rs-ps.org_users_2014-01-25.txt.xz (28.88 KB),22/05/2017,Smaller DBs
indianEmbassy.txt (8.49 KB),22/05/2017,Smaller DBs
darkbooter.sql (81.84 KB),22/05/2017,Smaller DBs
javapipe_admin.db (1.04 KB),22/05/2017,Smaller DBs
pgp.txt (5.38 KB),22/05/2017,Smaller DBs
lotronline.txt (303.92 KB),22/05/2017,Smaller DBs
vilayer_admin.db.xz (587.00 B),22/05/2017,Smaller DBs
ibchan.com.txt (5.18 KB),22/05/2017,Smaller DBs
hostclub_admin.db.xz (439.00 B),22/05/2017,Smaller DBs
July 12th.txt (551.00 B),22/05/2017,Smaller DBs
lumensfactory.com.txt (93.07 KB),22/05/2017,Smaller DBs
assetgateway_admin.db.xz (527.00 B),22/05/2017,Smaller DBs
forumkorner_users.sql.xz (2.05 MB),22/05/2017,Smaller DBs
md5_phpbb3_rsnl.txt (1.51 MB),22/05/2017,Smaller DBs
OnlyUsers.txt (155.58 KB),22/05/2017,Smaller DBs
casus-belli.co.uk - casusbelli.tblusers 1.1.2016.txt (602.54 KB),22/05/2017,Smaller DBs
Mega-Torrent.ru.txt (582.63 KB),22/05/2017,Smaller DBs
gawker_full_db.log.xz (26.80 MB),22/05/2017,Smaller DBs
IPList.txt (57.47 KB),22/05/2017,Smaller DBs
jh826491_oldipb.sql (42.73 MB),22/05/2017,Smaller DBs
ipb_runeshark.txt (137.83 KB),22/05/2017,Smaller DBs
jays_booter_users_2012_12_09_22_12.txt (47.71 KB),22/05/2017,Smaller DBs
poodlecorp.txt (381.72 KB),22/05/2017,Smaller DBs
mazda.gh.tw.db.txt (1.40 KB),22/05/2017,Smaller DBs
majorgeeks.txt (31.17 MB),22/05/2017,Smaller DBs
vrtalk.com-14-feb-17.sql (474.31 KB),22/05/2017,Smaller DBs
los-angeles-theatre.com - reviews_north_america.review_users.txt (77.66 KB),22/05/2017,Smaller DBs
FOEDeCrypted.txt.xz (151.57 KB),22/05/2017,Smaller DBs
Felonypk Database.txt.gz (47.10 KB),22/05/2017,Smaller DBs
crackcom_dhruv_users.sql.xz (2.39 MB),22/05/2017,Smaller DBs
BlackLotus.txt (62.71 KB),22/05/2017,Smaller DBs
ipb_tkoe_new.txt (18.28 KB),22/05/2017,Smaller DBs
neofriends.txt (377.57 KB),22/05/2017,Smaller DBs
Dump-diverseb_forum31-2013-06-28.sql (9.71 MB),22/05/2017,Smaller DBs
unique-crew.net_Oct_2011.txt.xz (394.90 KB),22/05/2017,Smaller DBs
gamingradio.net.sql.xz (1.18 MB),22/05/2017,Smaller DBs
ipb_tipit.txt (2.79 MB),22/05/2017,Smaller DBs
epicbot.txt.xz (2.68 MB),22/05/2017,Smaller DBs
hostingreseller.txt (209.00 B),22/05/2017,Smaller DBs
ambru.nl.7z (2.02 MB),22/05/2017,Smaller DBs
cloudexity_users.db.xz (32.50 KB),22/05/2017,Smaller DBs
mangatraders.sql (21.96 MB),22/05/2017,Smaller DBs
israhelp.com.txt (82.62 KB),22/05/2017,Smaller DBs
Avast_2014_400k.rar (19.27 MB),22/05/2017,Smaller DBs
PowerMTA Solutions DB dump.sql (25.36 MB),22/05/2017,Smaller DBs
Mavic mp3.txt (1.69 MB),22/05/2017,Smaller DBs
CodeCommunity.sql (205.58 KB),22/05/2017,Smaller DBs
Maxed Accounts.txt (47.32 KB),22/05/2017,Smaller DBs
xhamster.log (23.57 MB),22/05/2017,Smaller DBs
CMDBooter.txt (710.18 KB),22/05/2017,Smaller DBs
LB_Email_IP.txt (17.47 KB),22/05/2017,Smaller DBs
PERCH CMS.txt (3.00 MB),22/05/2017,Smaller DBs
Frostybooter.net.txt (26.95 KB),22/05/2017,Smaller DBs
BitcoinTalk.org [Forum].zip (66.14 MB),09/06/2019,Smaller DBs
BlackLotus.txt.xz (13.52 KB),22/05/2017,Smaller DBs
ibuypower.txt (10.13 KB),22/05/2017,Smaller DBs
awknet_users.db.xz (547.00 B),22/05/2017,Smaller DBs
inattack user table.sql (15.47 MB),22/05/2017,Smaller DBs
careerlabs.com.txt (1.25 MB),22/05/2017,Smaller DBs
linode2.sql (49.63 MB),22/05/2017,Smaller DBs
Phantom-Stresser.net 2013-08-16.txt (57.69 KB),22/05/2017,Smaller DBs
NetBrawl Users.txt (461.18 KB),22/05/2017,Smaller DBs
MyRepoSpace.7z (18.97 MB),22/05/2017,Smaller DBs
More DBS.txt (2.07 MB),22/05/2017,Smaller DBs
anon-hackers.com_members_MySQL.sql.xz (1.15 MB),22/05/2017,Smaller DBs
forumvol_voltedipb_2013_08_04_16_27.sql.xz (6.75 MB),22/05/2017,Smaller DBs
warframe_users.sql (10.73 MB),22/05/2017,Smaller DBs
Mystic-Stresser.com 2013-07-18.txt (1.59 KB),22/05/2017,Smaller DBs
aosts.net-vb-2017.txt (130.42 KB),22/05/2017,Smaller DBs
florida.gov.txt (9.00 MB),22/05/2017,Smaller DBs
MangaTrader.txt (110.63 KB),22/05/2017,Smaller DBs
awknet_admin.db.xz (311.00 B),22/05/2017,Smaller DBs
ABCDomain.am.txt (115.08 KB),22/05/2017,Smaller DBs
Lethal Blades.txt (17.47 KB),22/05/2017,Smaller DBs
Stresser.club .txt (240.65 KB),22/05/2017,Smaller DBs
thebotnet.7z (8.84 MB),22/05/2017,Smaller DBs
BlackMarketReloaded_users.sql (1.23 MB),22/05/2017,Smaller DBs
vStressnew.sql.xz (4.70 KB),22/05/2017,Smaller DBs
LivingsLegendsUSEREMAIL.txt (7.99 KB),22/05/2017,Smaller DBs
MacTorrents.txt (3.01 MB),22/05/2017,Smaller DBs
fiestafan_users.sql.xz (1.12 MB),22/05/2017,Smaller DBs
new 3.txt (716.53 KB),22/05/2017,Smaller DBs
dinastymc.eu.txt (225.64 KB),22/05/2017,Smaller DBs
myvpz_admin.db (381.00 B),22/05/2017,Smaller DBs
anglia.ac.uk.txt (99.35 KB),22/05/2017,Smaller DBs
mtgox_accounts.csv (3.84 MB),22/05/2017,Smaller DBs
PartyClick.txt (66.94 KB),22/05/2017,Smaller DBs
Mylloyd.com_2016_30k.txt (990.03 KB),22/05/2017,Smaller DBs
zion-network_users_apr_2011.txt.xz (449.32 KB),22/05/2017,Smaller DBs
mma.sql (188.97 KB),22/05/2017,Smaller DBs
Forum.Furiouspk.com_ipb_April_2016.txt (138.03 KB),22/05/2017,Smaller DBs
gamingdeluxe-forum-2016.sql (8.46 KB),22/05/2017,Smaller DBs
Cycloneservers.sql.gz (7.04 KB),22/05/2017,Smaller DBs
hazardst_stress.sql (41.47 KB),22/05/2017,Smaller DBs
Lizard Stresser.txt (18.63 MB),22/05/2017,Smaller DBs
aha-userForums.csv.xz (6.64 MB),22/05/2017,Smaller DBs
Mail.ru.txt (374.08 KB),22/05/2017,Smaller DBs
Photocenter.fr.txt (16.22 KB),22/05/2017,Smaller DBs
DHS DB.txt (876.82 KB),22/05/2017,Smaller DBs
deviantgamers.7z (2.98 MB),22/05/2017,Smaller DBs
LizardSquad_Stresser.7z (182.79 KB),22/05/2017,Smaller DBs
bitleak.sql (365.63 KB),22/05/2017,Smaller DBs
vpsace_clients_November_2013.sql.xz (3.62 MB),22/05/2017,Smaller DBs
randombooter.sql.xz (11.79 KB),22/05/2017,Smaller DBs
divination.txt.xz (387.42 KB),22/05/2017,Smaller DBs
BitTorrent.com_Forum_IPB_34k_January_2016.txt (2.94 MB),22/05/2017,Smaller DBs
latimes_users.txt (12.27 MB),22/05/2017,Smaller DBs
nsa.emails_prism.txt (2.45 KB),22/05/2017,Smaller DBs
onionstresser.db (6.18 KB),22/05/2017,Smaller DBs
Phoenix Knights.sql (94.45 KB),22/05/2017,Smaller DBs
II_Emails_&_IP.txt (49.13 KB),22/05/2017,Smaller DBs
teamviewer.ninja db.sql (37.25 KB),22/05/2017,Smaller DBs
Truboot.sql (177.36 KB),22/05/2017,Smaller DBs
mac-torrents.txt (6.13 MB),22/05/2017,Smaller DBs
jaysbooter.sql (47.71 KB),22/05/2017,Smaller DBs
joomla - db_dump.sql (2.07 MB),22/05/2017,Smaller DBs
outwardb.txt (115.05 KB),22/05/2017,Smaller DBs
hostrealm_users.db (3.20 KB),22/05/2017,Smaller DBs
shardgaming_users.db.xz (642.92 KB),22/05/2017,Smaller DBs
99Fame.com DB.txt (53.41 KB),22/05/2017,Smaller DBs
lulz_boot_DUMP.sql (258.33 KB),22/05/2017,Smaller DBs
LegacyPlainTXT.txt.gz (50.25 KB),22/05/2017,Smaller DBs
Oude Rsnl.txt (49.22 KB),22/05/2017,Smaller DBs
ipb_osrs-pvp(new).txt (26.86 KB),22/05/2017,Smaller DBs
GTABox.sql (1.30 MB),22/05/2017,Smaller DBs
PirateStresser_users_2013_08_13.txt (10.11 KB),22/05/2017,Smaller DBs
bluepark.co.uk_January2017.txt (50.00 KB),22/05/2017,Smaller DBs
nocommonscents.com - nocommonscents.customers.txt (75.40 KB),22/05/2017,Smaller DBs
BlackLotus.sql (62.71 KB),22/05/2017,Smaller DBs
hazardbooter.sql.xz (3.86 KB),22/05/2017,Smaller DBs
Naughtylounge_nal_user_03_14_2016.sql (180.30 KB),22/05/2017,Smaller DBs
md5_oldsythe.txt (577.69 KB),22/05/2017,Smaller DBs
linked-hosting.christmas_2013_dec25.sql (13.20 MB),22/05/2017,Smaller DBs
Dumpbase_December_2016.7z (969.95 KB),22/05/2017,Smaller DBs
mangogua (Konflict).sql (69.14 KB),22/05/2017,Smaller DBs
resistantstresser.net_users.txt.xz (1.80 KB),22/05/2017,Smaller DBs
Habbo USA DB (Aka The 30K).rtf (1.35 MB),22/05/2017,Smaller DBs
Lenovo.txt (149.62 KB),22/05/2017,Smaller DBs
mizihuatanejo.co.txt (1.67 KB),22/05/2017,Smaller DBs
Hacker.org.txt (364.62 KB),22/05/2017,Smaller DBs
customer_20161017_153815.csv (2.05 MB),22/05/2017,Smaller DBs
OCStresser.com hacked.txt (142.32 KB),22/05/2017,Smaller DBs
vpsace_clients_July_2013.sql.xz (1.56 MB),22/05/2017,Smaller DBs
milq.com.txt (262.66 KB),22/05/2017,Smaller DBs
MTIScape DB.txt (8.10 KB),22/05/2017,Smaller DBs
Laptopmania.txt (412.09 KB),22/05/2017,Smaller DBs
zion-network_users_oct_2011.txt.xz (453.92 KB),22/05/2017,Smaller DBs
demonforums.sql (71.37 MB),22/05/2017,Smaller DBs
surgeryu.com - 641009_surgeryu.users_30.10.2016.txt (34.17 KB),22/05/2017,Smaller DBs
Kryptonic.7z (36.22 MB),22/05/2017,Smaller DBs
mattmines.us.txt (206.00 B),22/05/2017,Smaller DBs
nextpoint_admin.db (706.00 B),22/05/2017,Smaller DBs
Hostile Stresser.txt (5.31 KB),22/05/2017,Smaller DBs
nextpoint_users.db (282.79 KB),22/05/2017,Smaller DBs
Asus.sql (412.16 KB),22/05/2017,Smaller DBs
cvv2.su_2010_12_29_10_15_PM.sql.xz (74.27 KB),22/05/2017,Smaller DBs
4privatedbs.txt (20.76 MB),22/05/2017,Smaller DBs
MTIScape.txt (8.10 KB),22/05/2017,Smaller DBs
MustBeMedia.txt (373.00 B),22/05/2017,Smaller DBs
homebusinesshosting.txt (212.00 B),22/05/2017,Smaller DBs
lbattleDB.sql (33.21 KB),22/05/2017,Smaller DBs
BlazingVPS.com.rar (39.18 KB),22/05/2017,Smaller DBs
de.Streamscene.cc_jan_2012_users.txt.xz (1.26 MB),22/05/2017,Smaller DBs
tangostr_back.sql.xz (967.36 KB),22/05/2017,Smaller DBs
warezfusion_users_2011_08_06_02_17.txt.xz (753.66 KB),22/05/2017,Smaller DBs
IPStresser.com_2016-01.txt (3.47 MB),22/05/2017,Smaller DBs
hostclub_admin.db (483.00 B),22/05/2017,Smaller DBs
pokebooter.txt.xz (19.33 KB),22/05/2017,Smaller DBs
breezesysforum.co.uk-vb-2017.txt (758.78 KB),22/05/2017,Smaller DBs
panicstresser.sql (85.40 KB),22/05/2017,Smaller DBs
boxee.tv.sql.xz (12.15 MB),22/05/2017,Smaller DBs
breezesystemforum.co.uk_Jan2017.txt (861.38 KB),22/05/2017,Smaller DBs
aha-user.csv.xz (15.64 MB),22/05/2017,Smaller DBs
md5_tipit.txt (14.34 MB),22/05/2017,Smaller DBs
addictedcheats.sql (310.33 KB),22/05/2017,Smaller DBs
premium-membership.net.sql (43.58 KB),22/05/2017,Smaller DBs
pardeevillecarshow-2014-02-05.sql (26.37 MB),22/05/2017,Smaller DBs
home.co.li.db.txt (64.18 KB),22/05/2017,Smaller DBs
utorrent.com_2016.txt.7z (15.57 MB),22/05/2017,Smaller DBs
ipb_tkoe_old.txt (16.59 KB),22/05/2017,Smaller DBs
l33tshacks_2012_11_13_16_25.sql (11.21 MB),22/05/2017,Smaller DBs
bdsmfap.com_21_Jan_2017.txt (121.70 KB),22/05/2017,Smaller DBs
Matt258 RS Board.txt (5.24 KB),22/05/2017,Smaller DBs
apexbooter.com-2013-07-19.txt.xz (459.00 B),22/05/2017,Smaller DBs
300govFTPservers.txt (10.89 KB),22/05/2017,Smaller DBs
CMDBooter.sql DB.txt (2.69 MB),22/05/2017,Smaller DBs
turk-internet.7z (15.24 MB),22/05/2017,Smaller DBs
nitrohosts_admin.db (787.00 B),22/05/2017,Smaller DBs
parsed.txt (2.10 MB),22/05/2017,Smaller DBs
takoyaki.sql (20.55 MB),22/05/2017,Smaller DBs
Jaguar Member Tables.txt (1.57 MB),22/05/2017,Smaller DBs
Paradie Stresser.txt (1.72 KB),22/05/2017,Smaller DBs
cyberdb.sql (81.86 KB),22/05/2017,Smaller DBs
illuminati.ws_2013_08_16.sql (1.69 MB),22/05/2017,Smaller DBs
board.uscho.com_Jan2017.txt (186.96 KB),22/05/2017,Smaller DBs
bcwars.com_march_2011_tblUsers.sql.xz (1.89 MB),22/05/2017,Smaller DBs
Abandonia.com_vb_November_2015.txt.gz (35.63 MB),22/05/2017,Smaller DBs
Sinister.ly.sql (1.01 MB),22/05/2017,Smaller DBs
birdphotographers.net_January2017.txt (402.45 KB),22/05/2017,Smaller DBs
BleachAnime_145k_2015.txt (9.16 MB),22/05/2017,Smaller DBs
callofduty-community.com_Jan2017.txt (25.74 KB),22/05/2017,Smaller DBs
l33thacking.net_MySQL.sql (7.88 MB),22/05/2017,Smaller DBs
Boardgamelevelup.com .txt (4.75 KB),22/05/2017,Smaller DBs
mohackz_mo_users.sql (2.53 MB),22/05/2017,Smaller DBs
c0rrupt.org.txt (31.33 KB),22/05/2017,Smaller DBs
leakforums.txt (266.45 KB),22/05/2017,Smaller DBs
ipb_runehq.txt (1.53 MB),22/05/2017,Smaller DBs
asset.sql (76.95 KB),22/05/2017,Smaller DBs
pccongress.txt (46.54 KB),22/05/2017,Smaller DBs
leakforums.sql (266.45 KB),22/05/2017,Smaller DBs
CrackingForum.txt (14.40 MB),22/05/2017,Smaller DBs
minecraft pe forum.txt (9.58 MB),22/05/2017,Smaller DBs
vbulletin.org-sept-2014.txt.7z (19.75 MB),22/05/2017,Smaller DBs
noaa.txt (728.90 KB),22/05/2017,Smaller DBs
cloudexity_admin.db.xz (267.00 B),22/05/2017,Smaller DBs
crackedspotify.com db.sql (12.41 KB),22/05/2017,Smaller DBs
OnlineCares.txt (322.00 B),22/05/2017,Smaller DBs
pixarra.txt (164.12 KB),22/05/2017,Smaller DBs
Delicious_Takoyaki.txt (20.55 MB),22/05/2017,Smaller DBs
ordering_db.sql (2.30 MB),22/05/2017,Smaller DBs
swaggen.com db.sql (20.27 KB),22/05/2017,Smaller DBs
ipb_runehints.txt (87.64 KB),22/05/2017,Smaller DBs
ilink.ph.sql (77.39 KB),22/05/2017,Smaller DBs
Minecraft Pocket Edition Forum.txt (8.02 MB),22/05/2017,Smaller DBs
users_repospace.7z (18.97 MB),22/05/2017,Smaller DBs
FunOfficePools.com_2016_60k.txt (4.55 MB),22/05/2017,Smaller DBs
ismilegen.com db.sql (16.31 KB),22/05/2017,Smaller DBs
dump_www.deathlysouls.com_deathlys_vb_19-03-2012-09-22-48.sql.xz (1.65 MB),22/05/2017,Smaller DBs
1337-crew_members.txt (7.81 MB),22/05/2017,Smaller DBs
valegen.link db.sql (5.44 KB),22/05/2017,Smaller DBs
ga.sql (44.52 MB),22/05/2017,Smaller DBs
octa.org.br.db.txt (3.05 KB),22/05/2017,Smaller DBs
ismilegen.com db(1).sql (16.31 KB),22/05/2017,Smaller DBs
hostrealm_admin.db (298.00 B),22/05/2017,Smaller DBs
hazardst_stress.txt (41.47 KB),22/05/2017,Smaller DBs
j-ax.txt (713.05 KB),22/05/2017,Smaller DBs
nyx_stresser.txt (25.23 KB),22/05/2017,Smaller DBs
IChatAsia.txt (573.55 KB),22/05/2017,Smaller DBs
Plex.tv.csv (26.85 MB),22/05/2017,Smaller DBs
uniquegenerator.com db.sql (1.38 KB),22/05/2017,Smaller DBs
assetgateway_clients.db.xz (16.26 KB),22/05/2017,Smaller DBs
clan-amok.org.txt.xz (15.38 KB),22/05/2017,Smaller DBs
longislandhosting.multicraft.sql (27.39 KB),22/05/2017,Smaller DBs
LOTS MORE DATABASES.txt (4.93 MB),22/05/2017,Smaller DBs
jaggzscape_phpbb_users.sql (143.30 KB),22/05/2017,Smaller DBs
cvps.sql.xz (2.17 MB),22/05/2017,Smaller DBs
loungeboard.net.txt (4.39 MB),22/05/2017,Smaller DBs
Nute UFSC Br.txt (3.67 MB),22/05/2017,Smaller DBs
Enhance.sql (9.12 MB),22/05/2017,Smaller DBs
dadapic.7z (31.60 MB),22/05/2017,Smaller DBs
Hostinger Hacked.txt (53.21 MB),22/05/2017,Smaller DBs
Phantom Stresser.txt (57.69 KB),22/05/2017,Smaller DBs
javapipe_users.db (12.96 KB),22/05/2017,Smaller DBs
gamephics_users_formatted_2013_01_06_11_42.sql.xz (186.82 KB),22/05/2017,Smaller DBs
AllegedQNBFiles.7z (367.20 MB),22/05/2017,Smaller DBs
lizardstresser_database_dump.txt (67.94 KB),22/05/2017,Smaller DBs
picturingamerica.neh.gov.txt (146.85 KB),22/05/2017,Smaller DBs
ixam_users.db.txt (156.17 KB),22/05/2017,Smaller DBs
212-booter.net-2013-07-19.txt (4.39 KB),22/05/2017,Smaller DBs
gta5base.com.7z (411.54 KB),22/05/2017,Smaller DBs
Ncsa.illinois.edu.txt (1.61 MB),22/05/2017,Smaller DBs
nyxstresserusers.sql (24.87 KB),22/05/2017,Smaller DBs
leakbase.pw_access.log (570.91 KB),22/05/2017,Smaller DBs
kundencenter.txt (252.00 B),22/05/2017,Smaller DBs
StealthStresser_Feb_2014.txt (13.86 KB),22/05/2017,Smaller DBs
ipb_Zybez.txt (12.51 MB),22/05/2017,Smaller DBs
Hackbase.cc Users .txt (4.48 MB),22/05/2017,Smaller DBs
hostclub_users.db (206.92 KB),22/05/2017,Smaller DBs
WildStart database part (2).csv.gz (9.71 MB),22/05/2017,Unsorted
Rage Booter's Database Dump.sql.gz (39.05 KB),22/05/2017,Unsorted
Merdb.cn DUMP.txt.gz (1.14 MB),22/05/2017,Unsorted
HabboSt.txt.gz (31.52 MB),22/05/2017,Unsorted
Abusewith.us DB Lookup - net.txt.gz (119.34 KB),22/05/2017,Unsorted
Delicious_Takoyaki.txt.gz (10.58 MB),22/05/2017,Unsorted
PS3Hax.net.txt.gz (31.04 MB),22/05/2017,Unsorted
Mmamembers.sql.gz (28.65 KB),22/05/2017,Unsorted
11.txt.gz (2.39 KB),22/05/2017,Unsorted
EnigmaGroup.org2.sql.gz (237.61 KB),22/05/2017,Unsorted
Sony_Pictures_International_DELBOCA_USERS.txt.gz (228.89 KB),22/05/2017,Unsorted
CVV2.su .sql.gz (90.32 KB),22/05/2017,Unsorted
abcdomain.txt.gz (55.97 KB),22/05/2017,Unsorted
admin_users.csv.gz (762.00 B),22/05/2017,Unsorted
Abusewith.us DB Lookup - abd.txt.gz (1.03 MB),22/05/2017,Unsorted
Phantom Stresser.txt.gz (29.06 KB),22/05/2017,Unsorted
7.txt.gz (3.36 KB),22/05/2017,Unsorted
Groundservers.txt.gz (428.00 B),22/05/2017,Unsorted
Nabi-India.txt.gz (106.92 KB),22/05/2017,Unsorted
143vpn db.txt.gz (39.59 KB),22/05/2017,Unsorted
HackersNation.sql.gz (149.40 KB),22/05/2017,Unsorted
Abusewith.us DB Lookup - aaq.txt.gz (35.13 KB),22/05/2017,Unsorted
SkTorrent.eu.txt.gz (661.29 KB),22/05/2017,Unsorted
Abusewith.us DB Lookup - abf.txt.gz (879.15 KB),22/05/2017,Unsorted
Hackforums.net (200k users).sql.gz (30.07 MB),22/05/2017,Unsorted
NVD_USERS.1 (26.89 KB),22/05/2017,Unsorted
Abusewith.us DB Lookup - abh.txt.gz (64.69 KB),22/05/2017,Unsorted
EazySubs_Part2DB.txt.gz (906.31 KB),22/05/2017,Unsorted
OnlyUsers.txt.gz (77.78 KB),22/05/2017,Unsorted
CareerLab.com_Oct2016.txt (2.03 MB),22/05/2017,Unsorted
Ascentproject.eu .txt.gz (1.93 KB),22/05/2017,Unsorted
Sinister.ly.sql.gz (451.26 KB),22/05/2017,Unsorted
Galaxybooter .sql.gz (11.54 KB),22/05/2017,Unsorted
Abusewith.us DB Lookup - aaw.txt.gz (41.17 KB),22/05/2017,Unsorted
Texas.gov.txt.gz (4.97 KB),22/05/2017,Unsorted
Abusewith.us DB Lookup - live.txt.gz (3.74 MB),22/05/2017,Unsorted
Abusewith.us DB Lookup - aag.txt.gz (63.04 KB),22/05/2017,Unsorted
Rskingdom.txt.gz (23.03 KB),22/05/2017,Unsorted
Abusewith.us DB Lookup - aar.txt.gz (465.62 KB),22/05/2017,Unsorted
CreditCardTransactions.7z (277.01 MB),22/05/2017,Unsorted
Abusewith.us DB Lookup - ymail.txt.gz (621.46 KB),22/05/2017,Unsorted
Mail.ru.txt.gz (148.96 KB),22/05/2017,Unsorted
Boardgamelevelup.com .txt.gz (2.97 KB),22/05/2017,Unsorted
Codecommunity.com .sql.gz (60.43 KB),22/05/2017,Unsorted
Maxed Accounts.txt.gz (23.35 KB),22/05/2017,Unsorted
DBZ MINECRAFT ACC'S.txt.gz (136.24 KB),22/05/2017,Unsorted
Zoo-sextube.com.txt.gz (146.87 KB),22/05/2017,Unsorted
5000000 Gmail.txt.gz (11.74 MB),22/05/2017,Unsorted
SEA_users_old_info_table.txt.gz (12.13 KB),22/05/2017,Unsorted
Abusewith.us DB Lookup - aaj.txt.gz (39.95 KB),22/05/2017,Unsorted
National-Stresser.sql.tgz (197.35 KB),22/05/2017,Unsorted
Galaxy_Booter.txt.gz (496.00 B),22/05/2017,Unsorted
Nulledstresser.com 2013-07-18.txt.gz (129.00 B),22/05/2017,Unsorted
AWT-GPI.com .txt.gz (127.07 KB),22/05/2017,Unsorted
Sky_hack_ru_users.sql.gz (238.90 KB),22/05/2017,Unsorted
OCStresser.com hacked.txt.gz (70.16 KB),22/05/2017,Unsorted
Abusewith.us DB Lookup - aan.txt.gz (267.27 KB),22/05/2017,Unsorted
DeathStresser.txt.gz (15.46 KB),22/05/2017,Unsorted
Yealmu3a.org.uk.txt.gz (1.22 KB),22/05/2017,Unsorted
Abusewith.us DB Lookup - abm.txt.gz (37.00 KB),22/05/2017,Unsorted
Mavic mp3.txt.gz (927.58 KB),22/05/2017,Unsorted
MyChemicalRomance-store-launch-2014-06-15T08-11-55.mysql (24.97 MB),22/05/2017,Unsorted
Palestine Weekly.txt.gz (95.69 KB),22/05/2017,Unsorted
Runescape_Community.txt.gz (457.76 KB),22/05/2017,Unsorted
SoulSplit (3).txt.gz (74.49 KB),22/05/2017,Unsorted
10.txt.gz (1.79 KB),22/05/2017,Unsorted
Databin.docx (22.78 KB),22/05/2017,Unsorted
Digginclips.com.txt.gz (5.79 KB),22/05/2017,Unsorted
Abusewith.us DB Lookup - abp.txt.gz (33.75 KB),22/05/2017,Unsorted
Abusewith.us DB Lookup - aba.txt.gz (963.69 KB),22/05/2017,Unsorted
WAREHOUSE_MAIN.sqlite3 (83.32 MB),22/05/2017,Unsorted
MTIScape.txt.gz (5.69 KB),22/05/2017,Unsorted
RuneHQ DB Decrypted.txt.gz (292.34 KB),22/05/2017,Unsorted
WarnerBros.txt.gz (10.03 KB),22/05/2017,Unsorted
2.txt.gz (7.11 KB),22/05/2017,Unsorted
Abusewith.us DB Lookup - abe.txt.gz (1.39 MB),22/05/2017,Unsorted
Kakas.txt.gz (1.94 MB),22/05/2017,Unsorted
PHPBB3_peasefull.rsbandb.txt.gz (42.69 KB),22/05/2017,Unsorted
CodeCommunity.sql.gz (60.43 KB),22/05/2017,Unsorted
5.txt.gz (9.45 KB),22/05/2017,Unsorted
DHS.txt.gz (238.52 KB),22/05/2017,Unsorted
XRForums.net_Users_Summer_2011.sql.gz (353.15 KB),22/05/2017,Unsorted
Fbiyt.txt.gz (2.87 KB),22/05/2017,Unsorted
Abusewith.us DB Lookup - aav.txt.gz (53.06 KB),22/05/2017,Unsorted
FOEDeCrypted.txt.gz (162.62 KB),22/05/2017,Unsorted
Superstresser.txt.gz (102.74 KB),22/05/2017,Unsorted
4000000 Mail.ru.txt.gz (47.15 MB),22/05/2017,Unsorted
Illustrators.jp .txt.gz (23.75 KB),22/05/2017,Unsorted
1337-crew_members.txt.gz (2.21 MB),22/05/2017,Unsorted
Misc.txt.gz (156.01 KB),22/05/2017,Unsorted
Abusewith.us DB Lookup - aae.txt.gz (889.98 KB),22/05/2017,Unsorted
Abusewith.us DB Lookup - aao.txt.gz (29.40 KB),22/05/2017,Unsorted
Awesome%20Forums%20DB.txt.gz (90.31 KB),22/05/2017,Unsorted
Abusewith.us DB Lookup - gmail.txt.gz (17.27 MB),22/05/2017,Unsorted
PartyClick.txt.gz (34.49 KB),22/05/2017,Unsorted
Sexavet.txt.gz (618.38 KB),22/05/2017,Unsorted
Masterworld.org .txt.gz (39.35 KB),22/05/2017,Unsorted
Best of MC Database.txt.gz (140.04 KB),22/05/2017,Unsorted
Abusewith.us DB Lookup - abj.txt.gz (32.75 KB),22/05/2017,Unsorted
acme.in.txt.gz (229.06 KB),22/05/2017,Unsorted
Abusewith.us DB Lookup - abt.txt.gz (41.09 KB),22/05/2017,Unsorted
TalkTalk.txt.gz (812.35 KB),22/05/2017,Unsorted
Carders.cc Users.txt.gz (895.66 KB),22/05/2017,Unsorted
Random_gaming_forums_(50k).txt.gz (2.06 MB),22/05/2017,Unsorted
Forums.LinuxMint.com_phpbb_February_2016.txt.gz (6.56 MB),22/05/2017,Unsorted
admin_users_original.csv.gz (771.00 B),22/05/2017,Unsorted
SoulSplit (2).txt.gz (106.77 KB),22/05/2017,Unsorted
SoulSplit (7).txt.gz (536.00 B),22/05/2017,Unsorted
BlazingVPSAdmin.db.gz (1.33 KB),22/05/2017,Unsorted
CMDBooter_Database.txt.gz (74.43 KB),22/05/2017,Unsorted
Nute UFSC Br.txt.gz (2.02 MB),22/05/2017,Unsorted
Hacker.org.txt.gz (196.33 KB),22/05/2017,Unsorted
July 12th.txt.gz (412.00 B),22/05/2017,Unsorted
MacTorrents.txt.gz (1.71 MB),22/05/2017,Unsorted
4.txt.gz (3.50 KB),22/05/2017,Unsorted
Snapchat SQL.sql.gz (41.83 MB),22/05/2017,Unsorted
Yelaw.net.txt.gz (11.31 KB),22/05/2017,Unsorted
Plastic4you.ru Forum.txt.gz (100.05 KB),22/05/2017,Unsorted
Abusewith.us DB Lookup - abk.txt.gz (42.56 KB),22/05/2017,Unsorted
6-3-2012-loungeboard.net.sql.txt.gz (624.11 KB),22/05/2017,Unsorted
Abusewith.us DB Lookup - aax.txt.gz (34.74 KB),22/05/2017,Unsorted
Condusef.gob.mx.txt.gz (14.80 KB),22/05/2017,Unsorted
Abusewith.us DB Lookup - abz.txt.gz (41.67 KB),22/05/2017,Unsorted
Team Influence DB.docx (43.94 KB),22/05/2017,Unsorted
Runescape Community.txt.gz (457.76 KB),22/05/2017,Unsorted
North Dakota Bank Logs.txt.gz (688.03 KB),22/05/2017,Unsorted
Phishing Hijacks.txt.gz (18.36 KB),22/05/2017,Unsorted
EazySubs_Part1DB.txt.gz (1.09 MB),22/05/2017,Unsorted
000webhost.com.txt.gz (315.25 KB),22/05/2017,Unsorted
Frostybooter.net.txt.gz (5.58 KB),22/05/2017,Unsorted
Symantec.txt.gz (343.91 KB),22/05/2017,Unsorted
Abusewith.us DB Lookup - aby.txt.gz (435.62 KB),22/05/2017,Unsorted
Time Warner Cable_ Business Class.sql (831.56 KB),22/05/2017,Unsorted
8teenxxx.com .txt.gz (17.39 KB),22/05/2017,Unsorted
II_Emails_&_IP.txt.gz (10.67 KB),22/05/2017,Unsorted
9.txt.gz (1.89 KB),22/05/2017,Unsorted
Nulled Stresser.txt.gz (115.00 B),22/05/2017,Unsorted
GalaxyBooter .txt.gz (496.00 B),22/05/2017,Unsorted
Sony_Pictures_International_AUTOTRADER_USERS.txt.gz (164.15 KB),22/05/2017,Unsorted
RuneHints.txt.gz (18.64 KB),22/05/2017,Unsorted
RSBoards.txt.gz (10.63 MB),22/05/2017,Unsorted
Witzauser.sql.txt.gz (1.63 MB),22/05/2017,Unsorted
GamingXploited.sql.gz (351.54 KB),22/05/2017,Unsorted
List.txt.gz (1.11 MB),22/05/2017,Unsorted
LionCase.txt.gz (11.48 KB),22/05/2017,Unsorted
IChatUsa.txt.gz (1.44 MB),22/05/2017,Unsorted
10K Users.sql.gz (898.66 KB),22/05/2017,Unsorted
212booter.sql.gz (47.32 KB),22/05/2017,Unsorted
Global-RS.txt.gz (580.68 KB),22/05/2017,Unsorted
[db_leak]http---append-hc.com_database_leaked_[db_leak].txt.gz (30.60 KB),22/05/2017,Unsorted
Abusewith.us DB Lookup - aol.txt.gz (2.76 MB),22/05/2017,Unsorted
Mega-Torrent.ru.txt.gz (306.77 KB),22/05/2017,Unsorted
Abusewith.us DB Lookup - abo.txt.gz (485.26 KB),22/05/2017,Unsorted
Abusewith.us DB Lookup - abn.txt.gz (52.83 KB),22/05/2017,Unsorted
Abusewith.us DB Lookup - abw.txt.gz (29.93 KB),22/05/2017,Unsorted
Oursportscentral.com.txt.gz (677.58 KB),22/05/2017,Unsorted
EnigmaGroup.org.sql.gz (245.13 KB),22/05/2017,Unsorted
WildStart database part (3).csv.gz (9.87 MB),22/05/2017,Unsorted
AMNH.org .txt.gz (149.69 KB),22/05/2017,Unsorted
Abusewith.us DB Lookup - aak.txt.gz (114.66 KB),22/05/2017,Unsorted
1.txt.gz (10.60 MB),22/05/2017,Unsorted
Kontur55.com.txt.gz (1.69 KB),22/05/2017,Unsorted
PCCongress.org.uk .txt.gz (27.77 KB),22/05/2017,Unsorted
Dump-coldsi_support-2013-07-31.sql.gz (610.96 KB),22/05/2017,Unsorted
212-booter.net-2013-07-19.txt.gz (2.39 KB),22/05/2017,Unsorted
CorruptStresser.sql.gz (37.05 KB),22/05/2017,Unsorted
LB_Email_IP.txt.gz (4.47 KB),22/05/2017,Unsorted
Asuslaptop.net .txt.gz (175.67 KB),22/05/2017,Unsorted
Abusewith.us DB Lookup - abi.txt.gz (478.14 KB),22/05/2017,Unsorted
10khf.txt.gz (193.15 KB),22/05/2017,Unsorted
Jinr.ru .txt.gz (9.62 KB),22/05/2017,Unsorted
URA.org.txt.gz (63.09 KB),22/05/2017,Unsorted
Abusewith.us DB Lookup - aai.txt.gz (52.58 KB),22/05/2017,Unsorted
Provisional Companies .txt.gz (50.14 KB),22/05/2017,Unsorted
16k xenforo-IPB backdoor dump.txt.gz (89.54 KB),22/05/2017,Unsorted
active_admin_comments.csv.gz (110.00 B),22/05/2017,Unsorted
Ohio.gov.txt.gz (1.41 MB),22/05/2017,Unsorted
SoulSplit (1).txt.gz (137.70 KB),22/05/2017,Unsorted
Asus UK .txt.gz (175.92 KB),22/05/2017,Unsorted
WildStart database part (8).csv.gz (9.49 MB),22/05/2017,Unsorted
StealthStresser_2013-09-07_04-43-18.txt.gz (4.16 KB),22/05/2017,Unsorted
Random DB of AFD SAXONY.txt.gz (29.59 KB),22/05/2017,Unsorted
Abusewith.us DB Lookup - none.txt.gz (6.23 MB),22/05/2017,Unsorted
Laptopmania.txt.gz (175.56 KB),22/05/2017,Unsorted
GTA5Base.com .txt.gz (394.87 KB),22/05/2017,Unsorted
India Inc.txt.gz (10.66 KB),22/05/2017,Unsorted
FYLparticipants.txt.gz (10.87 KB),22/05/2017,Unsorted
Abusewith.us DB Lookup - aaa.txt.gz (1.10 MB),22/05/2017,Unsorted
acties.csv.gz (2.50 KB),22/05/2017,Unsorted
Housingkp.gov.pk .txt.gz (204.00 B),22/05/2017,Unsorted
1000000 yandex.txt.gz (15.51 MB),22/05/2017,Unsorted
CrackingForum.txt.gz (6.33 MB),22/05/2017,Unsorted
12.txt.gz (3.30 KB),22/05/2017,Unsorted
Mmamembers.txt.gz (25.92 KB),22/05/2017,Unsorted
USERS_PRS06.txt.gz (7.65 MB),22/05/2017,Unsorted
UNWTO.org.txt.gz (84.95 KB),22/05/2017,Unsorted
"Abusewith.us DB Lookup - .nl.txt.gz (1,019.85 KB)",22/05/2017,Unsorted
Abusewith.us DB Lookup - co.uk.txt.gz (3.60 MB),22/05/2017,Unsorted
GMAILSUSclean.txt.gz (1.39 MB),22/05/2017,Unsorted
VanquishRSPS.db.txt.gz (135.03 KB),22/05/2017,Unsorted
Abusewith.us DB Lookup - abu.txt.gz (280.65 KB),22/05/2017,Unsorted
Freescience.info.txt.gz (1.40 KB),22/05/2017,Unsorted
100k_email_fb.txt.gz (63.45 KB),22/05/2017,Unsorted
ServCPPS_users_2012-07-10.txt.gz (85.93 KB),22/05/2017,Unsorted
CMDBooter.txt.gz (139.41 KB),22/05/2017,Unsorted
Ziotic DB.txt.gz (3.78 KB),22/05/2017,Unsorted
Felonypk Database.txt.gz (47.10 KB),22/05/2017,Unsorted
Abusewith.us DB Lookup - null.txt.gz (5.64 MB),22/05/2017,Unsorted
Homeland Security.txt.gz (236.60 KB),22/05/2017,Unsorted
TopTenHen.sql.gz (13.63 MB),22/05/2017,Unsorted
Tomopop.com_May_2015.sql.gz (903.05 KB),22/05/2017,Unsorted
99Fame.com .txt.gz (22.48 KB),22/05/2017,Unsorted
Eshet.net .txt.gz (56.40 KB),22/05/2017,Unsorted
SEA.txt.gz (333.05 KB),22/05/2017,Unsorted
Abusewith.us DB Lookup - yahoo.txt.gz (10.95 MB),22/05/2017,Unsorted
Truboot.sql.gz (55.50 KB),22/05/2017,Unsorted
100kmsnliveoutlook.txt.gz (3.22 MB),22/05/2017,Unsorted
Abusewith.us DB Lookup - post.txt.gz (155.96 KB),22/05/2017,Unsorted
Aimjunkies.txt.gz (3.33 MB),22/05/2017,Unsorted
Phantom-Stresser.net 2013-08-16.txt.gz (29.08 KB),22/05/2017,Unsorted
6.txt.gz (1.91 KB),22/05/2017,Unsorted
SoulSplit (4).txt.gz (15.97 KB),22/05/2017,Unsorted
Sharkservers.txt.gz (186.00 B),22/05/2017,Unsorted
SoulSplit (8).txt.gz (225.46 KB),22/05/2017,Unsorted
HackDiscussion.com.sql.gz (886.85 KB),22/05/2017,Unsorted
13.txt.gz (5.98 KB),22/05/2017,Unsorted
Stresser.club .txt.gz (92.96 KB),22/05/2017,Unsorted
WildStart database part (5).csv.gz (9.90 MB),22/05/2017,Unsorted
ABCDomain.am.txt.gz (55.97 KB),22/05/2017,Unsorted
Mystic-Stresser.com 2013-07-18.txt.gz (1.00 KB),22/05/2017,Unsorted
Abusewith.us DB Lookup - aau.txt.gz (36.10 KB),22/05/2017,Unsorted
Abusewith.us DB Lookup - aay.txt.gz (46.54 KB),22/05/2017,Unsorted
Hostile Stresser.txt.gz (2.43 KB),22/05/2017,Unsorted
WildStart database part (6).csv.gz (4.17 MB),22/05/2017,Unsorted
WildStart database part (7).csv.gz (8.95 MB),22/05/2017,Unsorted
Hotmailsbizopjan.txt.gz (6.01 MB),22/05/2017,Unsorted
National-Stresser.txt.gz (197.23 KB),22/05/2017,Unsorted
PirateStresser_users_2013_08_13.txt.gz (5.00 KB),22/05/2017,Unsorted
FlashStresser.sql.gz (98.63 KB),22/05/2017,Unsorted
Abusewith.us DB Lookup - aam.txt.gz (100.10 KB),22/05/2017,Unsorted
BlackMarketReloaded_users.sql.gz (23.91 MB),22/05/2017,Unsorted
Curetools.sql.gz (2.97 KB),22/05/2017,Unsorted
Verizon Accounts Dump.txt.gz (1.42 KB),22/05/2017,Unsorted
STAGING.sqlite3 (10.52 MB),22/05/2017,Unsorted
Abusewith.us DB Lookup - aas.txt.gz (183.68 KB),22/05/2017,Unsorted
Tipit2004to2007.txt.gz (1.03 MB),22/05/2017,Unsorted
NitroBooter.txt.gz (42.42 KB),22/05/2017,Unsorted
Mpgh.txt.gz (13.21 MB),22/05/2017,Unsorted
Battlefield Heroes Beta (550k users).csv.gz (14.22 MB),22/05/2017,Unsorted
IPList.txt.gz (17.27 KB),22/05/2017,Unsorted
Virtual credit cards.txt.gz (2.91 MB),22/05/2017,Unsorted
StealthStresser_Oct_2013.txt.gz (1.49 KB),22/05/2017,Unsorted
Abusewith.us DB Lookup - msn.txt.gz (1.17 MB),22/05/2017,Unsorted
Global-RS.txt.1 (1.17 MB),22/05/2017,Unsorted
36k member.csv.gz (2.23 MB),22/05/2017,Unsorted
Cycloneservers.sql.gz (7.04 KB),22/05/2017,Unsorted
Supreme Skillers.txt.gz (134.51 KB),22/05/2017,Unsorted
LivingsLegendsUSEREMAIL.txt.gz (3.59 KB),22/05/2017,Unsorted
Top100Arena.txt.gz (22.90 KB),22/05/2017,Unsorted
IChatAsia.txt.gz (173.42 KB),22/05/2017,Unsorted
4privatedbs.txt.gz (10.60 MB),22/05/2017,Unsorted
Controlbooter.sql.txt.gz (3.57 KB),22/05/2017,Unsorted
AnonJDB.sql.gz (2.37 MB),22/05/2017,Unsorted
GTABox.sql.gz (160.51 KB),22/05/2017,Unsorted
Paradie Stresser.txt.gz (1.01 KB),22/05/2017,Unsorted
Dump-diverseb_forum31-2013-06-28.sql.gz (1.71 MB),22/05/2017,Unsorted
Controlbooter.sql .sql.gz (3.57 KB),22/05/2017,Unsorted
Abusewith.us DB Lookup - aah.txt.gz (59.67 KB),22/05/2017,Unsorted
Lottoland.dk.txt.gz (6.28 KB),22/05/2017,Unsorted
WildStart database part (1).csv.gz (9.68 MB),22/05/2017,Unsorted
Abusewith.us DB Lookup - googlemail.txt.gz (302.76 KB),22/05/2017,Unsorted
230K Users.sql.gz (10.27 MB),22/05/2017,Unsorted
PERCH CMS.txt.gz (503.89 KB),22/05/2017,Unsorted
M-Cuture.gov.dz.txt.gz (13.43 KB),22/05/2017,Unsorted
Lunagang.txt.gz (129.00 B),22/05/2017,Unsorted
Abusewith.us DB Lookup - abx.txt.gz (23.24 KB),22/05/2017,Unsorted
SoulSplit (6).txt.gz (187.00 B),22/05/2017,Unsorted
NetStress.txt.gz (69.13 KB),22/05/2017,Unsorted
Soulsplit.txt.gz (107.59 KB),22/05/2017,Unsorted
Cloudexity Admin .txt.gz (215.00 B),22/05/2017,Unsorted
RuneHQDecypted.txt.gz (257.72 KB),22/05/2017,Unsorted
More Databases.txt.gz (354.87 KB),22/05/2017,Unsorted
AnonIP's.txt.gz (15.02 KB),22/05/2017,Unsorted
TotalBooter.net.sql.gz (5.31 KB),22/05/2017,Unsorted
Abusewith.us DB Lookup - aad.txt.gz (906.98 KB),22/05/2017,Unsorted
FBI.txt.gz (435.39 KB),22/05/2017,Unsorted
Abusewith.us DB Lookup - aim.txt.gz (106.69 KB),22/05/2017,Unsorted
Abusewith.us DB Lookup - abc.txt.gz (954.84 KB),22/05/2017,Unsorted
Abusewith.us DB Lookup - abb.txt.gz (1.12 MB),22/05/2017,Unsorted
RSBlackknights.txt.gz (3.68 KB),22/05/2017,Unsorted
LegacyPlainTXT.txt.gz (50.25 KB),22/05/2017,Unsorted
6-3-2012-loungeboard.net.sql.gz (624.11 KB),22/05/2017,Unsorted
Forumptd.com.txt.gz (9.05 KB),22/05/2017,Unsorted
index.html (49.73 KB),20/11/2017,Unsorted
Differencegames.com.txt.gz (1.25 MB),22/05/2017,Unsorted
Abusewith.us DB Lookup - aap.txt.gz (98.52 KB),22/05/2017,Unsorted
Techfactory.net.txt.gz (228.90 KB),22/05/2017,Unsorted
Viphf December 2014.sql.gz (5.88 MB),22/05/2017,Unsorted
Humourjuif.com.txt.gz (8.83 KB),22/05/2017,Unsorted
8.txt.gz (4.45 KB),22/05/2017,Unsorted
Duelyst.com.txt.gz (6.84 KB),22/05/2017,Unsorted
MangaTrader.txt.gz (59.03 KB),22/05/2017,Unsorted
Abusewith.us DB Lookup - aac.txt.gz (981.08 KB),22/05/2017,Unsorted
RealExpose.com.txt.gz (13.74 KB),22/05/2017,Unsorted
Groundservers.org.txt.gz (434.00 B),22/05/2017,Unsorted
SoulSplit (9).txt.gz (7.48 KB),22/05/2017,Unsorted
TWC BC.txt.gz (230.31 KB),22/05/2017,Unsorted
Abusewith.us DB Lookup - abq.txt.gz (23.43 KB),22/05/2017,Unsorted
AdminDiscussion.com.sql.gz (2.09 MB),22/05/2017,Unsorted
Abusewith.us DB Lookup - aab.txt.gz (919.55 KB),22/05/2017,Unsorted
QuantumStresser.txt.gz (2.84 MB),22/05/2017,Unsorted
SEA_user_table.txt.gz (218.27 KB),22/05/2017,Unsorted
Turkey.7z (26.38 MB),22/05/2017,Unsorted
Matt258 RS Board.txt.gz (1.32 KB),22/05/2017,Unsorted
Abusewith.us DB Lookup - abv.txt.gz (70.25 KB),22/05/2017,Unsorted
Ncsa.illinois.edu.txt.gz (449.37 KB),22/05/2017,Unsorted
Hackbase.cc Users .txt.gz (1.20 MB),22/05/2017,Unsorted
SoulSplit (5).txt.gz (6.19 MB),22/05/2017,Unsorted
0sec-db.txt.gz (11.93 MB),22/05/2017,Unsorted
Asus Customers .txt.gz (549.78 KB),22/05/2017,Unsorted
O2C.txt.gz (119.96 KB),22/05/2017,Unsorted
3.txt.gz (7.31 KB),22/05/2017,Unsorted
USFine DB.txt.gz (29.62 KB),22/05/2017,Unsorted
Elitedev_user_DUMP.sql.gz (269.98 KB),22/05/2017,Unsorted
Photocenter.fr.txt.gz (5.69 KB),22/05/2017,Unsorted
RS-BlackKnights DB.txt.gz (3.69 KB),22/05/2017,Unsorted
AdminCurve.net.sql.gz (15.67 KB),22/05/2017,Unsorted
XZ Utils.docx (20.70 KB),22/05/2017,Unsorted
MustBeMedia.txt.gz (237.00 B),22/05/2017,Unsorted
Cloudstresser.sql.gz (6.07 KB),22/05/2017,Unsorted
NBALiveLeague.com.txt.gz (26.09 KB),22/05/2017,Unsorted
Abandonia.com_vb_November_2015.txt.gz (35.63 MB),22/05/2017,Unsorted
Keepyourlinks.com.txt.gz (486.63 KB),22/05/2017,Unsorted
Abusewith.us DB Lookup - aaf.txt.gz (874.41 KB),22/05/2017,Unsorted
120K_Combo_List_Steam__PSN.txt.gz (1.52 MB),22/05/2017,Unsorted
100kfb.txt.gz (63.44 KB),22/05/2017,Unsorted
Abusewith.us DB Lookup - abg.txt.gz (35.17 KB),22/05/2017,Unsorted
Tennisarchives.com.txt.gz (8.85 KB),22/05/2017,Unsorted
Oude Rsnl.txt.gz (15.11 KB),22/05/2017,Unsorted
Jaguar Member Tables.txt.gz (252.37 KB),22/05/2017,Unsorted
Abusewith.us DB Lookup - Jam.txt.gz (884.40 KB),22/05/2017,Unsorted
StealthStresser_Feb_2014.txt.gz (6.32 KB),22/05/2017,Unsorted
Arteropk.com_plain_April_2015.txt.gz (1.04 MB),22/05/2017,Unsorted
OnlineCares.txt.gz (174.00 B),22/05/2017,Unsorted
RunePlanet DB.txt.gz (13.59 KB),22/05/2017,Unsorted
Abusewith.us DB Lookup - aal.txt.gz (181.50 KB),22/05/2017,Unsorted
ALLSHAN.txt.gz (13.03 MB),22/05/2017,Unsorted
Naughtylounge_nal_user_03_14_2016.sql.gz (20.22 KB),22/05/2017,Unsorted
Lenovo.txt.gz (22.15 KB),22/05/2017,Unsorted
MyRepoSpace.sql.gz (23.70 MB),22/05/2017,Unsorted
Minecraft Pocket Edition Forum.txt.gz (2.12 MB),22/05/2017,Unsorted
Abusewith.us DB Lookup - aaz.txt.gz (45.63 KB),22/05/2017,Unsorted
DamnSmallLinux%20Forum.txt.gz (361.70 KB),22/05/2017,Unsorted
Phoenix Knights.sql.gz (19.51 KB),22/05/2017,Unsorted
RuneSharkDATABASE.txt.gz (298.24 KB),22/05/2017,Unsorted
WildStart database part (4).csv.gz (9.86 MB),22/05/2017,Unsorted
Jaguar Member Tables.sql.gz (288.89 KB),22/05/2017,Unsorted
Abusewith.us DB Lookup - aat.txt.gz (108.51 KB),22/05/2017,Unsorted
BlackLotus.txt.gz (14.71 KB),22/05/2017,Unsorted
Mayhem Makers.txt.gz (38.00 B),22/05/2017,Unsorted
Dump-diverseb_forum31_users_-2013-06-28.sql.gz (37.02 KB),22/05/2017,Unsorted
Educacionquimica.info.txt.gz (64.32 KB),22/05/2017,Unsorted
GMAILSUSclean.txt.1.txt.gz (1.39 MB),22/05/2017,Unsorted
ALLMERGERaccounts.txt.gz (6.23 MB),22/05/2017,Unsorted
Altcine.com .txt.gz (34.32 KB),22/05/2017,Unsorted
Hawkingtech.com .txt.gz (498.68 KB),22/05/2017,Unsorted
10k-hacked-hackforums-accounts.txt.gz (193.17 KB),22/05/2017,Unsorted
More DBS.txt.gz (527.56 KB),22/05/2017,Unsorted
Dump-win7vist_forum-2013-09-03.sql.gz (4.36 MB),22/05/2017,Unsorted
BuzzMachines.com .txt.gz (1.82 MB),22/05/2017,Unsorted
Ghostmarket.com.sql.gz (459.04 KB),22/05/2017,Unsorted
Solomid.net_ipb_November_2014.txt.gz (13.32 MB),22/05/2017,Unsorted
Uefa_Dump.sql.gz (1.00 MB),22/05/2017,Unsorted
1394store.com.txt.gz (300.01 KB),22/05/2017,Unsorted
NSCHE.org.ng .txt.gz (8.97 KB),22/05/2017,Unsorted
Abusewith.us DB Lookup - abr.txt.gz (364.37 KB),22/05/2017,Unsorted
EnhanceViews_com_VB_4-Sept-2013_sql.txt.gz (2.10 MB),22/05/2017,Unsorted
Sony_Pictures_International_BEAUTY_USERS.txt.gz (263.78 KB),22/05/2017,Unsorted
Forum.tomopop.com_vb_May_2015.sql.gz (856.77 KB),22/05/2017,Unsorted
Abusewith.us DB Lookup - abs.txt.gz (172.44 KB),22/05/2017,Unsorted
LFK.txt.gz (241.00 B),22/05/2017,Unsorted
Abusewith.us DB Lookup - abl.txt.gz (436.54 KB),22/05/2017,Unsorted
Chernochumz.com.txt.gz (112.46 KB),22/05/2017,Unsorted
GameNex.us.sql.gz (6.63 KB),22/05/2017,Unsorted
CMDBooter.sql.txt.gz (610.73 KB),22/05/2017,Unsorted
tunesoman.com.zip (113.44 KB),22/05/2017,Unverified w/ PW
user-db.zip (525.94 KB),22/05/2017,Unverified w/ PW
lepidoptera.eu.zip (86.82 KB),22/05/2017,Unverified w/ PW
thebotnet.zip (9.60 MB),22/05/2017,Unverified w/ PW
cp.legenddn2.net.zip (1.29 MB),22/05/2017,Unverified w/ PW
protonradio.com.zip (179.25 KB),22/05/2017,Unverified w/ PW
autolet.it.zip (123.16 KB),22/05/2017,Unverified w/ PW
bellmtcs.com.zip (239.21 KB),22/05/2017,Unverified w/ PW
xzonegym.co.in.zip (100.20 KB),22/05/2017,Unverified w/ PW
Bladehotel.zip (74.96 KB),22/05/2017,Unverified w/ PW
edtreatmentreview.com.zip (349.27 KB),22/05/2017,Unverified w/ PW
internetfamous.com.txt (7.87 KB),22/05/2017,Unverified w/ PW
golferscard.ae.zip (825.01 KB),22/05/2017,Unverified w/ PW
mayline.com.zip (151.67 KB),22/05/2017,Unverified w/ PW
wipro.com.zip (109.21 KB),22/05/2017,Unverified w/ PW
dvdvalves.com.tr.zip (85.59 KB),22/05/2017,Unverified w/ PW
PayPalSucks2.zip (2.53 MB),22/05/2017,Unverified w/ PW
afrikadating.com.zip (457.56 KB),22/05/2017,Unverified w/ PW
oscrap.com.zip (556.14 KB),22/05/2017,Unverified w/ PW
booter.xyz.zip (113.99 KB),22/05/2017,Unverified w/ PW
theaudiodb.com.zip (245.99 KB),22/05/2017,Unverified w/ PW
skoolkit.co.uk.zip (1.59 MB),22/05/2017,Unverified w/ PW
emkoelektronik.com.tr.zip (156.45 KB),22/05/2017,Unverified w/ PW
DELTA-STRESSER.XYZpt3.zip (131.19 KB),22/05/2017,Unverified w/ PW
w200.org.zip (99.13 KB),22/05/2017,Unverified w/ PW
bostoncentralchurch.org.zip (85.38 KB),22/05/2017,Unverified w/ PW
lchudikfyjafhqjj.onion.zip (92.21 KB),22/05/2017,Unverified w/ PW
navratnabooking.com.zip (92.33 KB),22/05/2017,Unverified w/ PW
taptoeat.com.txt.zip (1.73 MB),22/05/2017,Unverified w/ PW
auction-warehouse.com.zip (263.09 KB),22/05/2017,Unverified w/ PW
customers.zeelandia.info.zip (110.41 KB),22/05/2017,Unverified w/ PW
Vibram.com.zip (1.08 MB),22/05/2017,Unverified w/ PW
www-direkt.gema.de_interP1_users_16-07-2011-05-53-34.zip (3.22 MB),22/05/2017,Unverified w/ PW
cardiofitness.de.zip (164.58 KB),22/05/2017,Unverified w/ PW
DELTA-STRESSER.XYZ-pt2.zip (113.61 KB),22/05/2017,Unverified w/ PW
ssorganized.zip (5.75 MB),22/05/2017,Unverified w/ PW
corruptionxparsed.zip (5.36 MB),22/05/2017,Unverified w/ PW
wtspy.zip (29.86 MB),22/05/2017,Unverified w/ PW
enrichment.org.zip (183.91 KB),22/05/2017,Unverified w/ PW
fijilive.com.zip (8.79 MB),22/05/2017,Unverified w/ PW
zumbashop-sea.com.zip (134.58 KB),22/05/2017,Unverified w/ PW
wrestletalk.tv.zip (422.04 KB),22/05/2017,Unverified w/ PW
raas.com.au.zip (373.30 KB),22/05/2017,Unverified w/ PW
equitydevelopment.co.uk.zip (184.19 KB),22/05/2017,Unverified w/ PW
mp3mixx.com.zip (248.88 KB),22/05/2017,Unverified w/ PW
sexbanden.dk.zip (255.31 KB),22/05/2017,Unverified w/ PW
xronize-05-31-2013-users.zip (5.79 MB),22/05/2017,Unverified w/ PW
hoechsmann.com.zip (204.71 KB),22/05/2017,Unverified w/ PW
Habbid.com.br.zip (197.52 KB),22/05/2017,Unverified w/ PW
sheriff_windham_county_2016.zip (187.92 KB),22/05/2017,Unverified w/ PW
userhash.zip (86.33 KB),22/05/2017,Unverified w/ PW
rainbowshiu.net.zip (6.02 MB),22/05/2017,Unverified w/ PW
allwomenstalk.com.zip (6.41 MB),22/05/2017,Unverified w/ PW
ProDz.Tk.zip (3.64 KB),22/05/2017,Unverified w/ PW
deways.com.zip (2.09 MB),22/05/2017,Unverified w/ PW
nu113d.zip (106.57 KB),22/05/2017,Unverified w/ PW
www.lepidoptera.eu.txt (413.23 KB),22/05/2017,Unverified w/ PW
swingbrasileiro.com.br.zip (1.18 MB),22/05/2017,Unverified w/ PW
ThePirateGame.net.zip (190.82 KB),22/05/2017,Unverified w/ PW
yfile.net.zip (7.42 MB),22/05/2017,Unverified w/ PW
ljuska.org.zip (209.98 KB),22/05/2017,Unverified w/ PW
theatrhall.com.zip (86.40 KB),22/05/2017,Unverified w/ PW
tcs.com.zip (109.05 KB),22/05/2017,Unverified w/ PW
mpps.gob.ve.txt (148.30 KB),22/05/2017,Unverified w/ PW
furydown.com.zip (159.23 KB),22/05/2017,Unverified w/ PW
navratnabooking.com.txt (962.86 KB),22/05/2017,Unverified w/ PW
bikesbikesbikessuk.co.uk.zip (256.43 KB),22/05/2017,Unverified w/ PW
zzosDB.sql (24.11 KB),22/05/2017,Unverified w/ PW
jcm.co.uk.zip (434.16 KB),22/05/2017,Unverified w/ PW
ps.missouri.edu.zip (104.70 KB),22/05/2017,Unverified w/ PW
oVPN.pro.zip (134.02 KB),22/05/2017,Unverified w/ PW
ValidDumps_Cardshop_DB.zip (129.46 KB),22/05/2017,Unverified w/ PW
NewJerseyherald.zip (112.89 KB),22/05/2017,Unverified w/ PW
nownnow.zip (13.06 MB),22/05/2017,Unverified w/ PW
short-fiction.co.uk.zip (922.93 KB),22/05/2017,Unverified w/ PW
mexx.com2.zip (169.76 KB),22/05/2017,Unverified w/ PW
afd.gov.bd.zip (204.85 KB),22/05/2017,Unverified w/ PW
gforces.co.uk.zip (107.38 KB),22/05/2017,Unverified w/ PW
wibbor.hotel.free-h.fr.txt (252.30 KB),22/05/2017,Unverified w/ PW
yazmalar.gov.tr.zip (75.36 KB),22/05/2017,Unverified w/ PW
index.html (13.51 KB),20/11/2017,Unverified w/ PW
mupol.es.zip (333.06 KB),22/05/2017,Unverified w/ PW
hotfile.pw.zip (37.24 MB),22/05/2017,Unverified w/ PW
crush007.co.uk.zip (3.28 MB),22/05/2017,Unverified w/ PW
brgen.xyz.txt (741.81 KB),22/05/2017,Unverified w/ PW
remotestaff.com.au.zip (5.06 MB),22/05/2017,Unverified w/ PW
tools.movatiathletic.com.zip (187.80 KB),22/05/2017,Unverified w/ PW
zoomaru.zip (124.83 KB),22/05/2017,Unverified w/ PW
prosap-hotel.nl.zip (3.22 MB),22/05/2017,Unverified w/ PW
syther.org.txt.zip (2.39 MB),22/05/2017,Unverified w/ PW
edtreatmentreview.com2.zip (344.24 KB),22/05/2017,Unverified w/ PW
louisianashooting.com.zip (105.30 KB),22/05/2017,Unverified w/ PW
Greenwich_University.zip (345.91 MB),22/05/2017,Unverified w/ PW
chicagoridersUserHashSalt.zip (238.92 KB),22/05/2017,Unverified w/ PW
miscemailhash.zip (102.56 KB),22/05/2017,Unverified w/ PW
draftsforsale.com.txt (941.15 KB),22/05/2017,Unverified w/ PW
CSGameServs.Com.zip (110.92 KB),22/05/2017,Unverified w/ PW
etchingindustries.com3.zip (93.55 KB),22/05/2017,Unverified w/ PW
XStresser.top.zip (8.15 KB),22/05/2017,Unverified w/ PW
gmail.zip (61.23 MB),22/05/2017,Unverified w/ PW
carbootjunction.com.zip (144.68 KB),22/05/2017,Unverified w/ PW
dr-mahoud.com.zip (248.80 KB),22/05/2017,Unverified w/ PW
iceplex.tv.zip (122.43 KB),22/05/2017,Unverified w/ PW
ssndob.zip (1.47 MB),22/05/2017,Unverified w/ PW
DELTA-STRESSER.XYZ.zip (225.23 KB),22/05/2017,Unverified w/ PW
muscularstrength.com - shf_main.shf_members 3.11.2016.zip (2.01 MB),22/05/2017,Unverified w/ PW
umoveindia.com.zip (811.72 KB),22/05/2017,Unverified w/ PW
myaribags.com.zip (256.68 KB),22/05/2017,Unverified w/ PW
vipertrader.com.zip (80.93 KB),22/05/2017,Unverified w/ PW
serverler.gen.tr.zip (115.42 KB),22/05/2017,Unverified w/ PW
MEGA.zip (37.82 MB),22/05/2017,Unverified w/ PW
